Sienna Cerros,RT @AllenJenessa: Guess who got new eyelinerğŸ˜‚ğŸ’€
SFMTA,"RT @sfpublicworks: Come out for the final community meeting for the Ocean Ave Corridor Project TONIGHT at 6:30p @sfplanning
@sfmta_muni httâ€¦"
Ø¨ÙŠØ´Ù| .,Ø§Ù„Ù„Ù‡Ù… Ø§Ø¬Ø¹Ù„Ù†Ø§ Ù†Ù…Ø´ÙŠ ÙÙŠ Ø±ÙˆØ¶Ùƒ ÙˆÙ†Ø­ÙŠØ§ Ù„Ø°ÙƒØ±Ùƒ Ùˆ Ù†Ø³ØªÙ‚ÙŠÙ… Ø¹Ù„Ù‰ Ù‚Ø±Ø¢Ù†Ùƒ http://t.co/xVkLrIluJs
NandoFarias,"Cuando quieras,solo llamame y ahi estoy"
ã“ã‚“,"RT @ryhulisofyla: ã€æ”¾é€äº‹æ•…ã€‘åœ°ä¸Šæ³¢ã§ç†Šç”°æ›œå­ã®ãƒ¯ãƒ³ãƒ”ãƒ¼ã‚¹ãŒè„±ã’ã‚‹ãƒãƒ—ãƒ‹ãƒ³ã‚°wwww

ã€Œãƒ¢ãƒ­è¦‹ãˆã¦ã‚‹ã˜ã‚ƒã­ãƒ¼ã‹wwwã€
ã€Œ100å„„å›æŠœã„ãŸï½—ã€

ç”»åƒâ‡’http://t.co/SoBHj9RVA4 http://t.co/ewAnJQP9wC"
Luca MacDougall,@DylanFlorence @katiemalz meninism was made because fuckboy straight men can't take it when women think they're good enough for basic rights
â—»,RT @vibeterna: Ganhei 460 seguidores seguindo @igorlewis recomendo posts otimos
Ğ›ÑĞ´Ğ¼Ğ¸Ğ»Ğ° Ğ’Ğ¾Ñ€Ğ¾Ğ½Ğ¸Ğ½Ğ°,Ğ˜Ğ³Ñ€Ğ¾Ğ²Ñ‹Ğµ Ğ°Ğ²Ñ‚Ğ¾Ğ¼Ğ°Ñ‚Ñ‹ Ğ¸Ğ³Ñ€Ğ°Ñ‚ÑŒ Ğ´ĞµĞ¼Ğ¾ Ğ±ĞµĞ· Ñ€ĞµĞ³Ğ¸ÑÑ‚Ñ€Ğ°Ñ†Ğ¸Ğ¸ http://t.co/KbXZN7c78e
Lucas#ADR2M,#inventonahora3anos  lucas se 1+1 Ã© 2 qual Ã© a massa do sol ? (nÃ£o vale olhar no google) 7
ma-ria,SenÃ£o jÃ¡ estaria andando com uma menina que tem um fb de casal e imita voz de bebÃª com o namorado e.e
Saito,@blankMonogatari that's a solid 9~
â™¡ã‚¸ãƒ£ãƒ‹ãƒ²ã‚¿ã‚ã‚‹ã‚ã‚‹â™¡,"RT @chootoku_app: æœªã ã«LINEã‚¹ã‚¿ãƒ³ãƒ—è²·ã£ã¦ã‚‹ã®ï¼Ÿ

LINEã‚³ã‚¤ãƒ³ã«ã„ã£ã±ã„äº¤æ›ã§ããŸã‚ˆw

iOSâ†’http://t.co/fdQqDaQ1GF

Andâ†’http://t.co/iBtGQL8sZG

1æ™‚é–“ã§2000å††ãã‚‰ã„æºœã¾ã£ã¡ã‚ƒã£ãŸï½— httpâ€¦"
Luvs Nails,RT @SuniSquirtz: @MZNORMASTITZ Good Morning ..sorry I missed ur call yesterday ..I'm looking 4ward 2shooting with U..l'm very excited http:â€¦
Gabriela Vieira,"RT @AquiCancer: #CÃ¢ncer \"NÃ£o espere dar certo, faÃ§a dar certo.\""
Teresa,"RT @WorIdStarComedy: Barber: What you want fam 

Me: Let them know I got money on my mind 

Barber: Say no more http://t.co/odv8mzEeki"
Ruan Harka,@lucas_lira manda um salve pra eu e pro joÃ£o caraio
PLEASE AARON,"i loved @AaronCarpenter's new video!

ğŸ‘‰http://t.co/fs9Ot5BnDdğŸ‘ˆ

#AaronsNewVideo

give it a thumbs up &amp; don't forget to suscribe!

ã…¤85"
à¸Šà¹‰à¸­à¸›à¸›à¸¸à¸¢à¸ªà¹Œà¹„à¸¡à¹ˆà¸­à¹‰à¸™,RT @aairch_: à¸‚à¸­à¸à¸·à¹‰à¸™à¸—à¸µà¹ˆà¹ƒà¸™à¸à¸²à¸£à¸‚à¸³à¸­à¸µà¹€à¸ˆà¸µà¹Šà¸¢à¸š55555555555555 à¹€à¸£à¸·à¹ˆà¸­à¸‡à¸„à¸£à¸µà¸¡à¹€à¸£à¸·à¹ˆà¸­à¸‡à¹€à¸”à¸µà¸¢à¸§ à¹€à¹€à¸¡à¹ˆà¸‡à¸à¸²à¸¥à¹„à¸›à¹€à¸£à¸·à¹ˆà¸­à¸‡à¹€à¸à¸·à¹ˆà¸­à¸™à¹€à¸£à¸·à¹ˆà¸­à¸‡à¸„à¸£à¸­à¸šà¸„à¸£à¸±à¸§à¸—à¸¸à¸à¸­à¸¢à¹ˆà¸²à¸‡ #VRZOà¸§à¸‡à¹à¸•à¸ http://t.â€¦
ë¹…í† ë¦¬ì•„,"kangen org\" kantor yg biasa manggil gw pevita pearce :D @DJBCManado ;D"
Nenners Lynch,@kevin__lynch Yeah but then who would host Deal or No Deal!? I couldn't take that upheaval
ãªãƒ¼ã¡ã‚ƒã‚“ã€‚,"@r_c_m_214 
çªç„¶ãƒªãƒ—ãƒ©ã‚¤å¤±ç¤¼ã—ã¾ã™ã€‚
å®šä¾¡ã§ã“ã¡ã‚‰ãŠè­²ã‚Šã§ãã‚‹ã®ã§ã™ãŒã€ã„ã‹ãŒã§ã—ã‚‡ã†ã‹ï¼Ÿã”æ¤œè¨ãŠé¡˜ã„ã—ã¾ã™ã€‚ http://t.co/L2wFKXgiHM"
Cristina Yang,Proud of my lil theta (': â¤ï¸
JuliaAnn Ravenel,RT @SincerelyTumblr: http://t.co/D9hKw4fdoK
ÙˆØ³ÙŠØ·Ø© Ø®ÙŠØ±,RT @33jo00oj: Ø§Ù„Ù„Ù‡Ù… Ø§Ø±Ø­Ù… #ØªØ±ÙƒÙŠ_Ø§Ù„Ø±Ø­ÙŠÙ… Ø±Ø­Ù…Ø© Ø§Ù„Ø§Ø¨Ø±Ø§Ø± ÙˆØ§Ø¬Ø¹Ù„ Ù‚Ø¨Ø±Ù‡ Ø±ÙˆØ¶Ø© Ù…Ù† Ø±ÙŠØ§Ø¶ Ø§Ù„Ø¬Ù†Ø© ÙˆØ¹ÙˆØ¶ Ø´Ø¨Ø§Ø¨Ù‡ Ø¨Ø§Ù„Ø¬Ù†Ø© ğŸ’”
é¬¼é ­ ä¸ˆå²,ç›¸äº’ãƒ•ã‚©ãƒ­ãƒ¼ï¼’ï¼ï¼ï¼…ã§ã™ï¼éŸ³æ¥½ç³»ã®äººå¤§å‹Ÿé›†ã§ã™ï¼ãŠæ°—è»½ã«ãƒ•ã‚©ãƒ­ãƒ¼ã—ã¦ãã ã•ã„ï¼
Vic,"NÃ£o era assim, o que estÃ¡ acontecendo?"
Nabila LQ,Morning song from @justinbieber Be Alright ! #love #TagsForLikes tagsforlikes #TFLers #tweegramâ€¦ http://t.co/Rp2xWwPokd
Amari,I just took a 4 hour napğŸ˜­
adel fernando torrez,RT @Bolanet: http://t.co/jC8wjkltar - Lallana Puas Dengan Kinerja Rekrutan Liverpool http://t.co/2MnN6o7KPq
zoOoz,Ø§Ù„Ù„Ù‡Ù… Ø§Ø¬Ø¹Ù„Ù†Ø§ Ù†Ù…Ø´ÙŠ ÙÙŠ Ø±ÙˆØ¶Ùƒ ÙˆÙ†Ø­ÙŠØ§ Ù„Ø°ÙƒØ±Ùƒ Ùˆ Ù†Ø³ØªÙ‚ÙŠÙ… Ø¹Ù„Ù‰ Ù‚Ø±Ø¢Ù†Ùƒ http://t.co/YKThUmdrI1
ã‚¯ãƒ¼ãƒ‡ãƒªã‚¢ãƒ»ãƒ•ã‚©ãƒ³ãƒ»ãƒ•ã‚©ã‚¤ã‚¨ãƒ«ãƒãƒƒãƒ,@youseisan_ ãµã‚“ã€ãã ã‚‰ãªã„ã€‚ã¤ã¾ã‚Šã¯é‡‘ã§è²·ãˆã‚‹ç¨‹åº¦ã®ã‚‚ã®ã£ã¦ã“ã¨ã˜ã‚ƒãªã„
5SOS Follow Help,anyone going to rowyso atl? -mar
ãƒ©ãƒ³ã‚­ãƒ³ã‚°èŠ¸èƒ½äººï¼ YouTubeå‹•ç”»,"ã€ã‚ã¡ã‚ƒã‚¤ã‚±ã‚„ã¹ã™ã—ã²ãªç¥­ã‚ŠSPæ·±ç”°æ­å­â–½å“å·åº„å¸å¤§ã‚²ãƒ³ã‚«ï¼ P2ã€ http://t.co/mPlk7fMbSd 

 -YouTube -å‹•ç”»ã¾ã¨ã‚( æ·±ç”°æ­å­ )"
PLEASE AARON,"go watchğŸš¨

@AaronCarpenter

new videoğŸ¥

http://t.co/MNIMzrYw8f 

and give it a ğŸ‘

you won't regret

#AaronsNewVideo 
#AaronWouldYouRather 66"
Ä…Å‹Å‹É›É¬É¬É› É±ÆˆÆˆà½É›Ä…à½áƒ§,"RT @SInow: Tiger Woods on his leave of absence: 'When I think I'm ready, I'll be back' http://t.co/2hDvwsGHKA http://t.co/8eYOzmj5ZB"
AC Milan Lausanne,RT @Hotsexy_extreme: @ClaudiaRomani  #MiercolesDeganarSeguidores #Hermosa #Sexy #DesdeItalia  RT #Follow http://t.co/uxp4DkxcZQ
Ant Jone$,If you know how to HMU and make me pretty.
olivia lacoste,"RT @RonTheAnchorman: Neil Armstrong was the first human being on the moon.
Neil A. backwards is Alien.
       
Mind fucked"
lizzzzzzzzz,someone wanna go buy me some chick fil a order number 3 with a large chocolate shake with whip cream thx
éˆ´æœ¨ èª æ²»,ç›¸äº’ãƒ•ã‚©ãƒ­ãƒ¼ã—ã¾ã—ã‚‡ï¼PCã‚²ãƒ¼ãƒ ç³»ã®äººå¤§æ­“è¿ã§ã™ï¼ã™ãè¿”ã—ã¾ã™ã®ã§ã‚ˆã‚ã—ããŠé¡˜ã„ã—ã¾ã™ï¼
victor,@Natalia76607415 sdv?
Ø²Ø­Ù„ Ø§Ù„Ø­Ù…Ø±Ø§Ù†ÙŠ,"RT @athp11: Ø§ÙƒØªÙÙŠ Ø§Ù„Ù‰ Ù‡Ù†Ø§ğŸ‘‹
Ø´ÙƒØ±Ø§ Ù„Ù…Ù† ØªØ§Ø¨Ø¹Ù†ÙŠ ÙˆØ¹Ø°Ø±Ø§Ù‹ Ù„Ù…Ù† Ø§Ø²Ø¹Ø¬ØªÙ‡
Ø³Ø¨Ø­Ø§Ù†Ùƒ Ø§Ù„Ù„Ù‡Ù… ÙˆØ¨Ø­Ù…Ø¯Ùƒ Ø£Ø´Ù‡Ø¯ Ø£Ù† Ù„Ø§ Ø¥Ù„Ù‡ Ø¥Ù„Ø§ Ø£Ù†Øª Ø£Ø³ØªØºÙØ±Ùƒ ÙˆØ£ØªÙˆØ¨ Ø¥Ù„ÙŠÚ¯ ..ğŸŒ¹"
Anto,Lo Ãºnico bueno es el tenedor libre
aaron's flop,"STOP AND WATCH @AaronCarpenter 'S NEW VIDEO!
ğŸŒ¸
http://t.co/cKcwlspPeS
ğŸŒ¿
#AaronsNewVideo #AaronWouldYouRather
âœ¨
PLS B MY 1/12 ğŸ™89"
Samantha rosko,Haha! #pastlife#3yearsout#onagoodtrack#c.e.c.c#lindsay# http://t.co/BLQsYcb5Z9
Ellen Victoria,RT @PastorTullian: Legalism says God will love us if we change. The Gospel says God will change us because He loves us.
Dallaio SCCP,RT @TrechoFiel: Elias o PelÃ© negro
natalia,what the hell does it take for @Nashgrier follow ğŸ’”ğŸ˜­
Bobi æ„,@rkwmb esiste solo nel tuo mondo CIOE'
Sofia Malheiro,Publiquei uma foto nova no Facebook http://t.co/YeXEBIS6tG
abril,RT @UrbanEngIish: To be honest this just means there's gonna be piss everywhere cuz I'm only pullin 3's ğŸ€ http://t.co/ShLSeeyF2Q
MY BIRTHDAY,"RT @WolfOlive: @IsaacRouaud je te souhaite pleins de rÃ©ussite et pleins de bonheur dans le foot lÃ¢che pas, jamais"
cheka,RT @Aprill3_: My girls and me did our thing today ain't nothing we can't do @youngmufasaa @JocelynNicolee_ @Shalybabyy  #WETHEBEST  *dj Khaâ€¦
Trey Bryant,â€œ@ValentneCards: http://t.co/O4Bo2CKkHfâ€ @sydney7black
ãŠå¬¢ã®ãƒ²ã‚¿å¢â™¡.â™¡ë¿…ë¿…,"4æœˆã«å½¼ã‚‰ã®æ›²ãŒã‚„ã£ã¨ã€è´ã‘ã‚‹ã®ã­ï¼ï¼ã‚‚ã†å¾…ã¡é ã—ã„ğŸ˜­ğŸ˜­ğŸ˜­ğŸ˜­ğŸ˜­
4æœˆã‹ã€‚ã¯ã‚„ããƒ¼ãƒ¼ãƒ¼^____^ã©ã‚“ãªæ›²ã‹ãªğŸ’“ http://t.co/7mZ9G8qnEX"
ros montanna,@GlintofSilver1 @Nareik4G really???
SaÃ¡h â™¥âœŒ,RT @twittandopravc_: Gosto de surpreender quem me julga incapaz.ğŸ‘Œ
shut up,Marisa is so pretty wtf I h8 her
ArcheNemesis Games,@GeekedupGaming1 I am sure we could send some out to you if you wished to see one.  Right now our big push will be MZM for a short time.
.,Heat vs cavs? got my moneu on the heat :)
Ivan Usov,"RT @Maria__Way: Ğ ĞµÑ‚Ğ²Ğ¸Ñ‚, ĞµÑĞ»Ğ¸ Ğ½Ğµ ÑĞ¾Ğ±Ğ¸Ñ€Ğ°ĞµÑˆÑŒÑÑ Ğ¿Ñ€Ğ°Ğ·Ğ´Ğ½Ğ¾Ğ²Ğ°Ñ‚ÑŒ 14 Ñ„ĞµĞ²Ñ€Ğ°Ğ»Ñ ğŸ‘ŒğŸ¸ğŸ«"
011,ãƒ‘ãƒãƒ¢ãƒ³æ„å¤–ã¨é¢ç™½ãã† #ãƒ‘ãƒãƒ¢ãƒ³ #ãƒ‘ãƒãƒ³ã‚³ãƒ¢ãƒ³ã‚¹ã‚¿ãƒ¼ ã€äºˆç´„è€…é™å®šå…ˆè¡Œã‚¬ãƒãƒ£ ç¾åœ¨2941151å›è»¢ã€‘ https://t.co/N2yp7EyYxH
â˜…17â˜†,@indiexziam @honestfandom huge impact on young teenage girls or the people that they are trying to target in the sales market and its young
BocÃ£o News,"VitÃ³ria leva susto no inÃ­cio, mas vence o Serrano no BarradÃ£o http://t.co/fxvk1IT5DU http://t.co/zSwDZFwX99"
è¡€æŸ“ã‚ã®ãªã‚‹ã¦ãƒ,@unknown_you_i ã‚¢ãƒ³ãƒã‚¦ãƒ³ã•ã‚“ã‚ã‚ŠãŒã¨ã†ï¼é–¢æ±ã“ã‚ŒãŸã‚‰æ˜¯éç„¼ãé³¥ã§ã‚‚ï¼ç¬‘
HashOff-NBA,"RT @AFansOpinion_: Is Paul George a top 3 SF when healthy?

RT- Yes

FAV- No

#Pacers #NBA http://t.co/Kwz7kWgXja"
ã‚ã‚ãã‚…ã‚,@mopakyatan ï½—ï½—ï½—ï½—ï½—ï½—ï½—ï½—ï½—ï½—ï½—ï½—ï½—ï½—ï½—ç¦äº•å¼ã ã•ã„ã‹ã‚‰æ¥ãšã‹ã—ã„â€¦â€¦â€¦â€¦â€¦ã‚‚ã£ã±ã‚‰ã‚‚ã‚ˆãæ–¹è¨€ã§ã¦ã‚‹ã ã‚ˆâ€¦â€¦â€¦â€¦â€¦
Ù‡Ù†ÙˆÙ Ø§Ù„Ø¹Ø§Ù…Ø±,Ù‚ÙÙ„Ù Ø§Ù„Ù’Ø­ÙÙ…Ù’Ø¯Ù Ù„ÙÙ„Ù‘ÙÙ‡Ù ÙˆÙØ³ÙÙ„Ø§Ù…ÙŒ Ø¹ÙÙ„ÙÙ‰ Ø¹ÙØ¨ÙØ§Ø¯ÙÙ‡Ù Ø§Ù„Ù‘ÙØ°ÙÙŠÙ†Ù Ø§ØµÙ’Ø·ÙÙÙÙ‰   http://t.co/GkbOi2qtHb
vivizinha,@dudipassos um dia antes de vocÃª viajar
ZÃ©,Ja comprei o 34 pra colocar depois
ãƒ¤ãƒ³ã‚­ãƒ¼ã®ç”Ÿãæ§˜,"RT @sao_gungale__1: ã‚¹ã‚¯ãƒ•ã‚§ã‚¹å¥½ããªäººã¯å¿…è¦‹ï¼

ãƒ©ãƒ–ã‚«ã‚¹ãƒˆãƒ¼ãƒ³ãŒï¼˜ï¼•ï¼å€‹ã¨ã‹
ã‚¤ãƒŸãƒ•ä¸¦ã«ã‚‚ã‚‰ãˆãŸäººãŒç¶šå‡ºã—ã¦ã‚‹ã‚ˆã€‚

â†ªï¸http://t.co/Et02QRXl41

ãƒ™ãƒ¼ã‚¿ãƒ¼ã©ã“ã‚ã‚„ãªã„ã€‚
ã“ã‚“ãªã‚“ãƒ“ãƒ¼ã‚¿ãƒ¼ã‚„wwww

ãƒ•ã‚¡ãƒ³ã¯ã‚ˆã‚ã—ãã­â™¥ http:â€¦"
Amy Ratcliffe,"@LaneWinree Yeah, just looking at the pics of the plexiglass is making me feel uncomfortable. White wall it is!"
Katie Moore,my goal is to look back on my life and have no regrets
Khaled albusaad.,Ù…Ø§ ØªØ­Ø³Ø± Ø£Ù‡Ù„ Ø§Ù„Ø¬Ù†Ø© Ø¹Ù„Ù‰ Ø´ÙŠØ¡ ÙƒÙ…Ø§ ØªØ­Ø³Ø±ÙˆØ§ Ø¹Ù„Ù‰ Ø³Ø§Ø¹Ø© Ù„Ù… ÙŠØ°ÙƒØ±ÙˆØ§ ÙÙŠÙ‡Ø§ Ø§Ù„Ù„Ù‡   http://t.co/71AsjlUGlY
Taylor,What's a good app for making collages
trip,@xenobioIogy i will take that. Under consideration.
Luana Nunes,"RT @SignosFodas: #LeÃ£oâ€œSÃ³ nÃ£o deixa eu descobrir que essas suas qualidades sou sÃ³ eu quem vejo\""
Larissa,Manda ooooooi #inventonahora3anos @lucas_lira 102
Ø´ÙÙƒÙÙˆÙƒÙÙˆ ..,Ø­Ù„Ù… Ø­Ù„Ù… Ø­Ù„Ù… ÙˆÙ‡ÙˆØ§ ÙÙŠ Ø§ÙŠÙ‡ Ø§Ø­Ù„ÙŠ Ù…Ù† Ø§Ù„Ø£Ø­Ù„Ø§Ù… ğŸ˜
PLEASE AARON PLEASE,"ğŸ¥ğŸ¥ğŸ¥
GO CHECK #AaronWouldYouRather
 #AaronsNewVideo 

GIVE IT A BIG ğŸ‘ &amp; SUBSCRIBEâœ”

ğŸ‘‰ http://t.co/ELjiMHpKJM ğŸ‘ˆ
ğŸ¥ğŸ¬ğŸ¥ğŸ¬  @AaronCarpenter   
X101"
L,RT @veryharrylike: HE'S CLAPPING THE BEAR'S HANDS http://t.co/4lFMKIZx6N
Lola Loveâœ,RT @LorenaLeal03: Es mi nube y me bajo de ella cuando yo quiera.
!Ì´ Ğ»Ì´ÌĞ½Ğ¼ed â™š',Ø±ÙØ¨ÙÙ‘ Ø§Ø´Ù’Ø±ÙØ­Ù’ Ù„ÙÙŠ ØµÙØ¯Ù’Ø±ÙÙŠ ÙˆÙÙŠÙØ³ÙÙ‘Ø±Ù’ Ù„ÙÙŠ Ø£ÙÙ…Ù’Ø±ÙÙŠ ÙˆÙØ§Ø­Ù’Ù„ÙÙ„Ù’ Ø¹ÙÙ‚Ù’Ø¯ÙØ©Ù‹ Ù…ÙÙ‘Ù† Ù„ÙÙ‘Ø³ÙØ§Ù†ÙÙŠ ÙŠÙÙÙ’Ù‚ÙÙ‡ÙÙˆØ§ Ù‚ÙÙˆÙ’Ù„ÙÙŠ - via http://t.co/H4A94TulAZ - 86
ãƒ¦ãƒ¼ãƒª,ã•ã£ã¡ã‚ƒã‚“ãŒæ§‹ã£ã¦ãã‚Œãªã„â€¦ã¡ã‚‡ã£ã¨å¯‚ã—ã„ãã†ï¼
neto quase carnaval,DEVO BAIXAR ZELDA OCARINA OF TIME OU N
Full Moon Features,@BMoviesPodcast Its Valentines week! Celebrate w/Full Moons 50% sale http://t.co/rSUxCkeU9M  &amp; your fav Scream Queens http://t.co/lDJFJWd8gk
Aimee,"On page 176 of 400 of Us, by David Nicholls http://t.co/ie9X1ughUp"
__Duds,RT @GoodVibesFrases: Me tira do sÃ©rio e ao mesmo tempo me faz tÃ£o bem..
Kelly Hoon,â€œ@HeinzKetchup_US: Introducing the tastiest way to stay warm this winter #happyandspicy http://t.co/o3M3XN1TSIâ€ I must find this. ğŸ˜ğŸ˜ğŸ˜ğŸ˜ğŸ˜
Congrats Nju \^o^/,RT @aplikacja_derek: Darmowa #aplikacja do pobrania - https://t.co/zD9LaQd4uS
"FleetDJs MA,CT,RI,NH",Looking to get your song in the fleet dj record pool email info@fleetdjs.com
10åˆ†å‰æ¯”ãã‚“,"å‰æ—¥æ¯”12.00%ä¸Šæ˜‡â–²
1768 (æ ª)ã‚½ãƒãƒƒã‚¯
400â†’448
å‰æ—¥æ¯”+48
åˆ¶åº¦ä¿¡ç”¨ æ±è¨¼2éƒ¨ åˆ¶é™å€¤å¹…80
#æ ª #æŠ•è³‡ #kabu #æ€¥è½ #æ€¥é¨° #åˆ¶åº¦ä¿¡ç”¨ #éŠ˜æŸ„"
Alexis Haughton,#wcw @maria_nicole19 http://t.co/yCTsBsTwiH
Brian Christian,problems and must solve them #EdTechBridge
fukuyu@ã‚»ã‚«ã‚ªè¼ª,"RT @hyjidawypen: ã€ä¸­å›½å­¦ç”Ÿã„ã˜ã‚ã€‘
å¥³ã®å­ã®æœã‚’è„±ãŒã›ãƒ“ãƒ³ã‚¿

å…¨è£¸ã«ã—ã¦è‚¡ã‚’é–‹ã‹ã›æ’®å½±

ã‹ã‚ã„ãã†ã«ãƒ»ãƒ»ãƒ»
ä¸­å›½ã®ã„ã˜ã‚ã¯è¡Œãéãã¨ã‚‹ãª
å‹•ç”»â†’http://t.co/TkpS6mfW6B http://t.co/kWmHjPaigu"
Ray Manpower,@Hogwartssite con la de Beth http://t.co/wjjWXgdqeo
FLEET DJS NORTHWEST,Looking to get your song in the fleet dj record pool email info@fleetdjs.com
MATT'S NEW VIDEO,"RT @AaronCarpenter: #AaronWouldYouRather | Aaron Carpenter: http://t.co/pNwk51XZQZ 

#AaronsNewVideo"
Elyta/TomÃ©/ HIPSTER,RT @LeopeterOk: Leandro lleva 11 horas adentro #AmorAPrueba y nadie lo quiere jajajaja acepto Michelle
Tweet,"Teror ke KPK, Polri Siap Bantu Pengamanan: Kepala Divisi Humas Polri Irjen Ronny Frangki Sompie menyatakan, Po... http://t.co/ouQMYiiKo3"
ã€ç¥â˜†ï¼”æœŸã€‘éŠ€é­‚ã‚¯ãƒ©ã‚¹ã‚¿ã‚ã‚‹ã‚ã‚‹,"RT @sDPN9mzh5Hz9: ã•ã¦ãƒ•ã‚©ãƒ­ãƒ¯ãƒ¼ã•ã‚“å¢—ã‚„ã™ã‹ï¼

RTã—ãŸäººå…¨å“¡ãƒ•ã‚©ãƒ­ãƒ¼ã™ã‚‹ã‚ˆ

(ï½€ãƒ»Ï‰ãƒ»Â´)ãã‚‹ã‹ãªãƒ¼ï¼ˆï¾„ï¾ï½·ï¾„ï¾ï½·

(Â´ï¼›Ï‰ï¼›ï½€)ã‚ã‚Œ 

(Â´ï¼›Ï‰ï¼›ï½€)ã‚ã‚Œã‚Œ

ï¼¿äººäººäººäººäººäººï¼¿
ï¼RTãŒæ¥ãªã„ï¼ï¼œ
ï¿£Y^Y^Y^Y^Y^Yï¿£

#RTã—ãŸäººå…¨å“¡ãƒ•ã‚©â€¦"
Ø®Ø§Ù„Ø¯ Ø§Ù„Ù…Ø¹ÙŠÙŠÙ,RT @GodYourPocket: Ø§Ù„Ù„Ù‡Ù… Ø²Ù Ø§Ø³Ù…Ù‡ Ø¥Ù„ÙŠÙƒ Ø¨Ø¹Ø§Ù„ÙŠ Ø³Ù…Ø§Ø¦Ùƒ ÙˆØ§ÙƒØªØ¨Ù‡ Ù…Ù† Ø§Ù„Ø³Ø¹Ø¯Ø§Ø¡ ÙÙŠ Ø§Ù„Ø¯Ù†ÙŠØ§ ÙˆØ§Ù„Ø¢Ø®Ø±Ù‡ .
Samantha Peterson,I needed this today. Thanks mom. rosaliepeterson http://t.co/SgEw4LbOib
General Disarray,@MattKeel23 not me lol I've only drank a whole one once and i only puked a little bit haha shit is so bad for you
Sarjaal Ø³Ù‡ Ø±ÙŠØ§Ù„,"RT @Blwa_19: Ø£Ù†Ø§ Ù…Ø¯Ø±ÙŠ .. Ø¹Ù† : Ø§Ù„Ù…Ø³ØªÙ‚Ø¨Ù„ Ø§Ù„Ù…Ø¬Ù‡ÙˆÙ„ !
ÙˆÙ„Ø§ Ø£Ø¯Ø±ÙŠ .. Ø¹Ù† Ø§Ù„Ø£ÙŠØ§Ù… .. ÙˆØ´ ØªØ®ÙÙŠ ØŸØŸ

ØªØ¹Ø¨Øª Ø£ØµØ¨Ø± Ø¹Ù„Ù‰ Ø§Ù„ØµØ¯Ù…Ø§Øª Ù…Ùˆ Ù…Ø¹Ù‚ÙˆÙ„
Ø¹ÙÙ…ÙØ± ÙƒØ§Ù…Ù„ .. ÙˆØ£Ù†Ø§ ØµØ§Ø¨â€¦"
Celia  Acciole,"RT @dissetumblr: Gosto de corrigir a pessoa bem discretamente tipo 
- Vai na festa hoje? 
- Concerteza, e vc? 
- Com certeza eu tambÃ©m vou"
Ø¯ÙŠÙˆØ« Ø®Ø§Ù„ØªÙŠ (Ù…Ø­Ø§Ø±Ù…),"Ø´ÙŠÙ…ÙŠÙ„ ÙŠÙ†ÙŠÙƒ Ø®Ù†ÙŠØ« ÙˆØ³ÙŠØ¹ğŸ”

-&gt; http://t.co/9rnWNXWYoS

#Ø³ÙƒØ³ #Ù†ÙŠÙƒ #Ø·ÙŠØ² #ÙƒØ³ #Ø§ÙÙ„Ø§Ù…_Ø³ÙƒØ³ #Ø²Ø¨ #Ù‚Ø­Ø¨Ù‡ #Ù…Ø­Ø§Ø±Ù…
#ÙƒÙ„Ù…ØªÙŠÙ†_Ù„Ø±Ø¬Ø§Ù„_Ø§Ù„Ù…Ù„ÙƒÙŠ"
Priscilla,fanarts
Rayanh,Ù„Ø§Ø­ÙˆÙ„ ÙˆÙ„Ø§ Ù‚ÙˆØ© Ø§Ù„Ø§ Ø¨Ø§Ù„Ù„Ù‡ - ÙƒÙ†Ø² Ù…Ù† ÙƒÙ†ÙˆØ² Ø§Ù„Ø¬Ù†Ù‡ http://t.co/bvk3khFpZt
Zack,RT @ILLUMlNATI: RT if you're missing someone badly right now.
Memorial Hermann TA,"#Houston, TX #CustomerService #Job: Patient Escort - Fulltime (Varied Shift) at Memorial Hermann http://t.co/0SeoCTVV38 #Jobs"
Ziggla X,RT @SlayOrDieWigg: @SupaHigh_Rell http://t.co/ycMpVJHMzA http://t.co/7i0oSuIaAj
Jordi ArencÃ³n,"RT @Z_o_d_i_a_c_o: #LEO: si algo no estÃ¡ como tÃº quieres reconÃ³celo, harÃ¡s un drama para conseguirlo. Eres asÃ­ y lo mejor de todo, que lo lâ€¦"
éƒ½ç«‹éŸ³é§’äºŒå¹´ç”Ÿã®æ˜Ÿç¾…,"RT @cipynapekemi: ã‚®ã‚¬ãƒ¤ãƒï½—ï½—ï½—
ãŠã¾ã„ã‚‰è¡—ã‚³ãƒ³ãªã‚“ã¦ã„ã£ã¦ã‚‹å ´åˆã˜ã‚ƒãªã„ãï½—ï½—

ãƒ†ãƒ©å¯æ„›ã„å­ã¨å‡ºä¼šãˆã‚‹ç¥ã‚¢ãƒ—ãƒªç™ºè¦‹ï¼

â†’http://t.co/A6dyzToK0B

ãŠã‹ã’ã§è²§ä¹å­¦ç”Ÿã®ä¿ºã«ã‚‚å¯æ„›ã„å½¼å¥³ãŒã§ããŸï½—ï½—ï½— http://t.co/tCSA7tâ€¦"
Amachollos.com,Buen precio para #1: Tekken + Soul Calibur http://t.co/x2Y9yoosaA
ELPAS 103.6 FM BOGOR,#OnAirNow Viany Zaelany - Sabar Dikit [M-14] @viany_zae l @indo_cm #RadionyaOrangBogor || Streaming http://t.co/9K4uc811fW
Nina,meÃ§a seus trabalhos parÃ§a
ãƒ¡ãƒ³ã‚ºãƒ¢ãƒ‡ãƒ«@YouTubeå‹•ç”»ã¾ã¨ã‚,"ã€ã‚«ã‚¤ãƒ¤ã®æ‹æ„›ãƒã‚¿ã‚’æš´éœ²ã™ã‚‹å·å´éº»ä¸–ã€€ã€CR MIDNIGHT LASVEGASãƒ—ãƒ¬ã‚¹ç™ºï¿½ã€ http://t.co/7XNh2RqpSC 

 -YouTube -å‹•ç”»ã¾ã¨ã‚( å·å´éº»ä¸– )"
ã‚,ã€ç„¡æ–™é€£è¼‰ã€‘ã€Œä¸€ç¤¼ã—ã¦ã€ã‚­ã‚¹ (3)-2ã€ã‚’èª­ã¿ã¾ã—ãŸï¼|äººæ°—ãƒãƒ³ã‚¬ãŒç„¡æ–™ã§èª­ã‚ã‚‹ï¼LINEãƒãƒ³ã‚¬ï½œä»Šã‚¹ã‚°èª­ã‚€â†’ http://t.co/OrlXxRIHwF #LINEãƒãƒ³ã‚¬
nÎ¹ggerellaâ™•,"RT @BlackPplVines: \"Promise you won't buy weed\" ğŸ˜‚  https://t.co/WV2riH9O5J"
Anthony Leal,"RT @Z_o_d_i_a_c_o: #VIRGO:pocas veces reconocerÃ¡s que te equivocas,tienes poco tacto en decir las cosas que te molestan y cuando cortas casâ€¦"
Ğ›ĞµÑ€Ğ° ĞšÑƒĞ·ÑŒĞ¼Ğ¸Ğ½Ğ°,RT @bahr9aluyon: Ù‚Ø§Ù„ Ø±Ø³ÙˆÙ„ Ø§Ù„Ù„Ù‡ ï·º(Ù„Ø§ ØªØ¨Ø§ØºØ¶ÙˆØ§ØŒ ÙˆÙ„Ø§ ØªØ­Ø§Ø³Ø¯ÙˆØ§ØŒ ÙˆÙ„Ø§ ØªØ¯Ø§Ø¨Ø±ÙˆØ§ØŒ ÙˆÙ„Ø§ ØªÙ‚Ø§Ø·Ø¹ÙˆØ§ØŒ ÙˆÙƒÙˆÙ†ÙˆØ§ Ø¹Ø¨Ø§Ø¯ Ø§Ù„Ù„Ù‡ Ø¥Ø®ÙˆØ§Ù†Ø§ØŒ ÙˆÙ„Ø§ ÙŠØ­Ù„ Ù„Ù…Ø³Ù„Ù… Ø£Ù† ÙŠÙ‡Ø¬Ø± Ø£Ø®Ø§Ù‡ ÙÙˆÙ‚â€¦
_,Ø±ÙØ¨Ù‘ÙÙ†ÙØ§ Ø§ØºÙ’ÙÙØ±Ù’ Ù„ÙÙŠ ÙˆÙÙ„ÙÙˆÙØ§Ù„ÙØ¯ÙÙŠÙ‘Ù ÙˆÙÙ„ÙÙ„Ù’Ù…ÙØ¤Ù’Ù…ÙÙ†ÙÙŠÙ†Ù ÙŠÙÙˆÙ’Ù…Ù ÙŠÙÙ‚ÙÙˆÙ…Ù Ø§Ù„Ù’Ø­ÙØ³ÙØ§Ø¨Ù - via http://t.co/awuaOo6n7O - 5
Miguel LÃ³pez Corona,Ligera ventaja copera para el Espanyol ante el Athletic (1-1) http://t.co/sWWH6zNj06
PugMomInVT,@CooperPuggy So adorbs! ğŸ’–
Alberto  Paredes,tu y yo haciendo el amor en la luna en la arena
Iraida Garica,RT @DamianLRiquelme: #El14LaPaso http://t.co/OjjoXud8lk
å†™çœŸã§ãƒœã‚±ã¦IPPONå¤§å–œåˆ©,"RT @HiAppGamer: äººæ°—ã‚­ãƒ£ãƒ©ã¨ã®ã‚³ãƒ©ãƒœè¡£è£…ã§
ãªã‚Šãã‚Šã‚³ãƒ¼ãƒ‡ãŒã¾ã™ã¾ã™å¯æ„›ããªã£ãŸã‚ˆâ™¡

iOSâ†’http://t.co/4ptUJzii0S
Andâ†’http://t.co/kmslsvDh16

é»’ãƒã‚¹ã¨ã‹åˆéŸ³ãƒŸã‚¯ãŸã‚“ã«ã‚‚å¤‰èº«ã§ãã¡ã‚ƒã†www http://tâ€¦"
irg,ç”Ÿæ¤œã¯ã—ãŸã“ã¨ãªã„ãª
DIMF Nelita,"Selamat pagi, semangaat yaa saayaang ğŸ˜˜ (with Agus) [pic] â€” https://t.co/mZs0zFCuoF"
doris,RT @radiover: #EnPortada #FarÃ¡ndula Christina Aguilera presume a Summer Rain  http://t.co/3xeOoHW3MU #Xalapa #Veracruz #MÃ©xico http://t.co/â€¦
ĞĞ»ÑŒĞ³Ğ° Ğ¢Ğ¸Ñ‚Ğ¾Ğ²Ğ°,RT @SolodkiyB: Ğ´ÑĞºĞ°Ğ½Ğ° 72 Ğ¿Ñ€Ğ¾Ğ´ÑƒĞºÑ‚Ğ° Ğ´Ğ»Ñ Ğ°Ñ‚Ğ°ĞºĞ¸ Ğ´Ğ¸ĞµÑ‚Ğ° Ğ¿Ğ¾ Ğ´ÑĞºĞ°Ğ½Ñƒ http://t.co/nCuMEErNK8 #Ğ”Ğ¸ĞµÑ‚Ğ° #72 Ğ”Ğ¸ĞµÑ‚Ğ°
ä¸‰â””(â”å^o^)åï¾„ï¾ï½©ï¾™ï¾™ï¾™ï¾™,"RT @fuxupylysuja: ã€ãƒ„ãƒ ãƒ„ãƒ ã€‘
ç¥3000ä¸‡DLã‚­ãƒ£ãƒ³ãƒšãƒ¼ãƒ³
ãƒ«ãƒ“ãƒ¼ï¼—ï¼“ï¼•ï¼å€‹ã‚’
å¿œå‹Ÿè€…å…¨å“¡ã«ãƒ—ãƒ¬ã‚¼ãƒ³ãƒˆ
â†“ã€€â†“ã€€â†“ã€€â†“ã€€
ã€http://t.co/7LCGH90USSã€‘

ã¯ã£ï¼Ÿãªã«ã“ã‚Œï½—ï½—ï½—
ï¼—ï¼“ï¼•ï¼å€‹ã¨ã‹ãƒã‚¸ã‹ï¼ http://t.co/2mZqqmjâ€¦"
One Piece Indonesia,â€œNyatanya yang disebut pahlawan pasti mati.â€-Bluejam
Cait,@GreyChristianT I have to wait till Tuesday ğŸ˜©
Jaleesa â¤ï¸,On FaceTime with lex singing Justin Bieber songs ğŸ˜ğŸ˜© bae @___yikes
Ø§Ù…ÙŠØ±Ù‡ Ø§Ù„Ø­Ù…ÙˆØ¯ÙŠ,"RT @Mjboura: #Ù„Ùˆ_Ù…Ø§ÙÙŠÙ‡_Ù‚Ø§Ù†ÙˆÙ†

Ø§Ø®Ø·Ù Ø§Ù„Ø­Ø¨ ÙˆØ§Ø³ÙƒØ± Ø¹Ù„ÙŠÙŠÙ‡ ğŸƒğŸƒ"
1Dharbozzamalik,"RT @NoSoyTanMam0n: No estuvimos juntos mucho tiempo, pero asÃ­ tenÃ­a que ser, de lo contrario no hubiera sido tan especial...AcabÃ³ cuando teâ€¦"
Vizi IstvÃ¡n,"@MegaTennin I still remember when Battlefield 2 had those Booster Packs, they were so small the term \"expansion pack\" couldn't cut it-"
yentie obiara asem,"RT @xKGM_: In 10 years, I wonder who is still going to be by my side"
ãƒ¡ãƒ“ã‚¦ã‚¹ï½¥ãƒªã‚¿ãƒ¼ãƒ³ã‚º,ãã®ãŸã‚ã«ã¯ã€ã‚„ã¯ã‚Šãã®ç”·ã‚’æ•ã¾ãˆã‚‹å¿…è¦ãŒã‚ã‚‹â€¦
ä¸¸å±±ã€€ç”±ç´€,"RT @honokarin86: è¶…ç°¡å˜ã«ç›®ãƒ‚ã‚«ãƒ©UPã—ãŸã‚ˆï½â™¡

ã“ã‚Œã¤ã‘ã¦ãšã£ã¨ç‰‡æ€ã„ã ã£ãŸäººã‹ã‚‰

å‘Šã‚‰ã‚ŒãŸã‚ˆï½—

ç›®ãƒ‚ã‚«ãƒ©UPâ†’http://t.co/Drh6eifjA8

ãƒã‚¸å¹¸ã›â™¡ http://t.co/feWX2dfmlM"
Doces Relatos,RT @vibeterna: Ganhei 460 seguidores seguindo @igorlewis recomendo posts otimos
Michaels_Is_Goddess,RT @michaelclifxrd: @BoyBandsOffical ESCAPE FROM THE CITY AND FOLLOW THE SUN
MoKCat,"RT @CulturaColectiv: AÃºn no la he besado, pero usted me ha dejado un sabor en los labios parecido al durazno... http://t.co/S5uqtoFfJ1 httpâ€¦"
Mica CÃ³ppola,OjalÃ¡ que cuando vuelva se haya ido mÃ¡gicamente ğŸ™
LADTA,ã‚ã‚Œã£ï¼Ÿä»Šå›ã‚®ãƒ£ã‚°å›ï¼Ÿ
Thalita Moreira,"@lucas_lira DESDE A HORA DO COMEÃ‡O DA LIVE TO MANDANDO PERGUNTA !!! #inventonahora3anos ME MANDA BEIJOS ! SOU DE SANTA CATARINA, SEU LINDO !"
Piper Garrison,"RT @apxasernauref: Ğ Ğ¡Ğ²Ğ¾Ğ±Ğ¾Ğ´Ğ°, ÑĞºĞ¾Ğ»ÑŒĞºĞ¸Ñ… ÑĞ²Ğ¾Ğ±Ğ¾Ğ´ Ğ½Ğ°Ñ Ğ»Ğ¸ÑˆĞ°ÑÑ‚ Ğ²Ğ¾ Ğ¸Ğ¼Ñ Ñ‚Ğ²Ğ¾Ğµ!"
Cami RPâ™¥,"RT @CARPoficial: Salen los equipos al campo de juego. Â¡VAMOS, RIVER!"
Melisa,@Magdah_Bresh second book is even better to me. ğŸ˜
Janaina Cadiz â‚,RT @sccp: AlÃ´ antis: Se quiserem jÃ¡ podem ir dormir.
Noosha,RT @201328Shoosh: Ù‚Ø¯ ØªÙÙ‚Ø¯ Ø§Ø´ÙŠØ§Ø¡ Ø¬Ù…ÙŠÙ„Ø© ÙˆØªÙ‚ÙˆÙ„ Ù„Ø§ ØªÙØ¹ÙˆØ¶ ÙˆÙ‚Ø¯ ØªØªÙØ§Ø¬Ø£ Ø¨Ø§Ø´ÙŠØ§Ø¡ Ø§Ø¬Ù…Ù„ ØªÙ†Ø³ÙŠÙƒ Ù…Ø§ Ù„Ø§ ÙŠØ¹ÙˆØ¶ ØŒ ÙÙƒÙ† ÙˆØ§Ø«Ù‚Ø§Ù‹ Ø£Ù† Ø®Ø²Ø§Ø¦Ù† Ø§Ù„Ù„Ù‡ Ù„Ø§ ØªÙ†ÙØ° .. â¤ï¸
Alice â™€,@thxnderfuck phi phi nojentaaaaaaaa to revendo a s4 c Ã³dio nos olhos
Teezy4_,Man she bent
TEMPESTâ¤ï¸,RT @reIatable: My bridesmaids MUST slay like this ğŸ˜ http://t.co/pR3TNeGUdF
Ù†ÙˆÙ.,RT @dlool_17: Ø§Ù„Ù„ÙÙ‘Ù‡ÙÙ…ÙÙ‘ ØµÙÙ„ÙÙ‘ ÙˆÙØ³ÙÙ„ÙÙ‘Ù…Ù’ ÙˆÙØ¨ÙØ§Ø±ÙÙƒÙ’ Ø¹Ù„Ù‰ Ù†ÙØ¨ÙÙŠÙÙ‘Ù†ÙØ§ Ù…ÙØ­Ù…ÙÙ‘Ø¯ http://t.co/9M2mQFu8hF
Preeti Sapnil Dev,"RT @PyasiRandi: Lov sucking fat cockballs mmmmmm
RT @BooBexpert5: \"PyasiRandi: U lov that dont u mmhfhh yahnhhhhh RT @XidNinja: http://t.coâ€¦"
Ù„ÙŠÙ€Ø§Ù†,â€œ@Njjoudd: Ø§Ù„ÙˆØ¶Ø¹ Ø§Ù‚Ù‡Ø±Ù†ÙŠ ÙˆØ§Ù‚Ù‡Ø±ÙƒğŸ˜‚â€ Ø¬Ø¯Ø§Ù‹
[ì›ì˜¨ê°€ëŠ”]ë¶€ë…€ìB,@doim4172 ì—í—¤í—¤!!!ì¡°ë¡œë‘ë£¨í”¼ê²¨ë¡ í•´ë¼ì•„!!!!!!!!!ã…‹ã…‹ã…‹ã…‹
ë°•ë™ê¸¸,ìµœì €ê°€ í˜¸í…” ì˜ˆì•½ ì‚¬ì´íŠ¸ ìµìŠ¤í”¼ë””ì•„!! íŠ¹ê°€ ì˜ˆì•½ ìƒí’ˆì„ ë§Œë‚˜ë³´ì„¸ìš”~ http://t.co/Jdty8ONru2 (..)
å¤§å¦–ç²¾[ãƒªãƒ—ãƒ©ã‚¤ãƒ•ã‚©ãƒ­ãƒ¼è¿”ã—å®Ÿè£…],@suwa_1029 ã„ã£ã¦ã‚‰ã£ã—ã‚ƒã„ã€ç´…å¤@å¹³æ—¥ã¯7æ™‚ã¾ã§ã«ã¯å¿…ãšèµ·ãã¦ã‚‹ã•ã‚“ï¼
Josh Peterson,.@BerinSzoka's point got applause from room. #RebootCongress #NN debate has been going for &gt; decade
Cami âœ¨,@EstefyRozas_ jajaja ya sabemos que se hace con esos...NEXT!!!!
ã€é–²è¦§æ³¨æ„ã€‘ã‚°ã‚°ã‚‹ãªå±é™ºBOT,é£Ÿå“ã®ãŠè‚‰ãŒå‡ºæ¥ã‚‹ã¾ã§ãƒ»ãƒ»ãƒ»ãŠè‚‰ãŒé£Ÿã¹ã‚Œãªããªã‚Šã¾ã™
Gia,Cramps plus another two hours of dance isn't going to go over well
Horanzinha âœŒ,RT @frasesdebebadas: quando tem um ''explique'' na prova http://t.co/9RuWXyrLFG
2chã¾ã¨ã‚é€Ÿå ±,ãƒˆãƒ ã¨ã‚¸ã‚§ãƒªãƒ¼ã§ã‚ˆãè¦‹ãŸå…‰æ™¯ã‚ã’ã¦ã‘wwwwww - http://t.co/EUKOYO4ot2
mariana,eu ainda vou ser bonita
DAVID,RT @Z_o_d_i_a_c_o: #ACUARIO: las personas celosas o adictas al control no forman parte de tu vida. Borras sus nombres de tu mente rÃ¡pido. Yâ€¦
Retweet Fenomeni,"RT @lolmarley: demek senle sÄ±cak bi ÅŸeyler iÃ§mek istiyorum diyemiyorsun da \"hava Ã§ok soÄŸuk\" deyip ima ediyorsun ha :) tamam sus ben herÅŸeyiâ€¦"
âœ–ï¸ Rebecca Bravo âœ–ï¸,"RT @read_ordie: -Necesitas un hombre para ser feliz.
-No, necesito libros y netflix."
No pienses mal.,"RT @MrAnthoniMoya: El PerdÃ³n - Nicky Jam Feat. Anthoni Moya [Free Download]
https://t.co/aWaeGNlyT9"
12/12 AARON?? ILYSM,"HEY GUYS

GO WATCH @AaronCarpenter'S NEW VIDEO

IT WILL MAKE YOU LAUGH ğŸ˜‚ğŸ’— 

http://t.co/IrVAjIIuJC

#AaronsNewVideo #AaronWouldYouRather u"
ç”˜åŸãƒ–ãƒªãƒªã‚¢ãƒ³ãƒˆãƒ‘ãƒ¼ã‚¯â˜†ã¾ã¨ã‚,"RT @quwiremokeni: ã€è¶…å¯æ„›ã„ã€‘ã‚­ãƒ£ãƒƒãƒãŒä¸‹æ‰‹ãªçŠ¬ãŒã€

ãã®å¾Œã«å–ã‚‹ãƒªã‚¢ã‚¯ã‚·ãƒ§ãƒ³ï¼ˆå‹•ç”»ï¼‰

é–²è¦§ã¯ã‚³ãƒãƒ©
â†’http://t.co/PKJBhIXHAv

â€»è¶…çµ¶ç™’ã•ã‚Œã¾ã™ http://t.co/SRPuU4BL0G"
ÑÑ”Ğ¸Î±Ñ‚iĞ¸Ğ½Î±,kkkkkkk a TL toda reclamando da camiseta do Cezar. IMPOSSIVEL DE DEFENDER MESMO!
deb,RT @Tassiafernandd: Por um mundo onde as pessoas cumprem o que falam ğŸ™
Mevsim HastasÄ±,"RT @lolmarley: demek senle sÄ±cak bi ÅŸeyler iÃ§mek istiyorum diyemiyorsun da \"hava Ã§ok soÄŸuk\" deyip ima ediyorsun ha :) tamam sus ben herÅŸeyiâ€¦"
ãƒ‰ãƒ©ãƒ -æœ€æ–°æƒ…å ±ã¾ã¨ã‚,"ã€ã“ã‚Œã ã‘ã¯è¦‹ã¦ãŠããŸã„çµŒæ¸ˆå°èª¬ãŒãƒ¢ãƒ‡ãƒ«ã®æ˜ ç”»ãƒ»ãƒ‰ãƒ©ãƒã€ http://t.co/SyfJHc11GF

 -NAVERã¾ã¨ã‚ (ãƒ‰ãƒ©ãƒ)"
Jvelsa,RT @el_archivista: La unidad nacional tan unida por las farc...
berita Indonesia,"Di Ajang Grammy Award, Madonna Perlihatkan Area Pribadi: Rok Madonna tiba-tiba tersingkap ketika ia sedang berjalan. http://t.co/F8l4bjwZ3y"
Max Malyshev,"@849f15a9f466474 
?Le interesa el tema del despertar del Kundalini, el desarrollo espiritual? https://t.co/NIuxHzSeV1"
laurette,"@BaraldiPietra @bruouems o negocio Ã© que o guinle so deve atrair maconheiRAS fofas , nao maconheiros . ai fode a minha vida,"
Giovanna.,RT @BrugnaBrian: @GiovannaAducco  que conste que soy una buena persona y que cumplo con mi palabra jajaja =D
fÄ±rat ataman,KobanÃ©'nin zaferini hazm edemeyenlere dÃ¼ÅŸtÃ¼ dÃ¼ÅŸecek diyenlere sÃ¶zÃ¼m ÅŸudur  daha Ã§ok olumlu durumlar gÃ¶recekler izlesinler....
é•·å³¶ä½‘æ‚Ÿ,"RT @wolitacupefi: ã€é–²è¦§æ³¨æ„ã€‘æœ€è¿‘ã®å¥³å­é«˜ç”Ÿã®ã„ã˜ã‚æ˜ åƒæ€–ã™ãã ã‚ãƒ»ãƒ»ãƒ»

æœ€è¿‘ã®JKã£ã¦æ€§çš„ãªã„ã˜ã‚ã‚‚ã™ã‚“ã®ã‹ã‚ˆãƒ»ãƒ»ãƒ»
ãƒã‚¸ã“ãˆãƒ¼ãªï½—

å¥³å­ã¯è¦‹ãªã„æ–¹ãŒã„ã„ã‹ã‚‚ãƒ»ãƒ»ãƒ»
å‹•ç”»â‡’http://t.co/6Y4ReFm6EU http://t.co/LF3DQMâ€¦"
ShÎ±ronâ˜†.,Diganle que a su lado mi vida esta completamente estable. ğŸ˜»
Betinha  twilight â™¥,:* http://t.co/0QohsaywSP
MTV EspaÃ±a,RT @Z_o_d_i_a_c_o: #ACUARIO: las personas celosas o adictas al control no forman parte de tu vida. Borras sus nombres de tu mente rÃ¡pido. Yâ€¦
White Coco. âœŒ,Oh well got a new whip tho ğŸ˜ğŸ’
Thomas Gould,@frank_corona @AthletePorn zuccs he always used to do that
Pumpkin Spiced Fishy,"RT @Swishergirl24: My dentist told me I need a crown. I was like I KNOW, RIGHT?"
Minney â˜†,"RT @FancyPetrova: gente lacraia Ã© um bicho engraÃ§ado, vamos falar sobre ele #ask5sosfam"
Isabela Oliveira,@lucas_lira LIRA! EU TE AMO! MAIS VOU ME MATAR! ME RESPONDAAA! QUAL SUA SERIE FAVORITA?? MANDAA BEIJO!! #inventonahora3anos
shan,I want another tattoo ğŸ˜”
Ğ’Ğ°Ğ»Ñ Ğ”Ğ°Ğ½Ğ¸Ğ»Ğ¾Ğ²Ğ°,"- Ğ¯ Ñ…Ğ¾Ñ‡Ñƒ, Ñ‡Ñ‚Ğ¾Ğ±Ñ‹ Ğ¼Ğ¾Ñ ÑˆĞºĞ¾Ğ»Ğ° ÑĞ³Ğ¾Ñ€ĞµĞ»Ğ°. http://t.co/gWAbs9CFhK http://t.co/100K1Yi6Re http://t.co/sCZh730enK"
ĞĞ½Ñ Ğ“Ñ€Ğ¸Ğ³Ğ¾Ñ€ÑŒĞµĞ²Ğ°,ĞœĞ¾Ğ´Ñ‹ zombie Ğ´Ğ»Ñ bf2 http://t.co/EJWakWy4Ga
Reflexiones â€áƒ¦,RT @iMisterHacker: Para saber si tu pareja chatea con otro entonces visita http://t.co/8cxToeypzW http://t.co/EVq2rLD7Bc
Ø§Ù„Ø£Ù…Ù€Ù€Ù€Ù€Ù€Ù„,#Ø§Ù„Ø§Ø±Ø¯Ù† Ø§Ù„ØªÙ‚Ø±ÙŠØ± Ø§Ù„Ø³Ù†ÙˆÙŠ Ù„Ù‡ÙŠÙˆÙ…Ø§Ù† Ø±Ø§ÙŠØªØ³ ÙˆÙˆØªØ´ Ø­ÙˆÙ„ Ø§Ù„ÙˆØ¶Ø¹ Ø§Ù„Ù…Ø²Ø±ÙŠ ÙÙŠ Ø§Ù„Ø¹Ø±Ø§Ù‚: Ø­ÙƒÙˆÙ…Ø© Ø¹Ø¨Ø§Ø¯ÙŠ Ø§Ù„Ø­Ø§Ù„ÙŠØ© ØªØ¹ØªÙ…Ø¯ Ø¹Ù„... http://t.co/4vGvC6Zjlv #Ø³ÙˆØ±ÙŠØ§
ã˜ã‚‡ã˜ã‚‡ã‚“ã§ì•„ì•¼ì¹´ã¯é˜²å½ˆä½™éŸ»ã‚„ã°ã„,"@mahiroall 
ã„ã‚„ãªã‚“ã‹
å¿ƒé…ã«ãªã£ãŸ(ã€€Ë™-Ë™ã€€)
ã¾ã ã§ã‚“ã—ã‚ƒ
æ€¥ã„ã§ã‚‹"
Jack Shorrock,@Dingleberryx @1fifagamer We won the title keep trying to make us look shit at the end of the day when I put us winning as a screenshot you
karol â™”,To vendo o jogo do Cruzeiro kk
Web Sector,5 Simple Steps To Building Your Network - JobAdvice - JobAdvice http://t.co/4urWRbVBhV
AFROFEST2015,RT @NawtiNawti_: Afrofest 2015 #Resilience
Patriots lantern,@DanBarkerFFRF and all of them just as pathetic as you are.
âAâ,RT @FITNESSPlCS: Love your life! http://t.co/YnZ5TWc7qD
CamaroteExpresso2222,AlÃ´ alÃ´ @TomateOficial querido!! Em 2015 o @CamExpresso2222 homenageia o AxÃ© e te agradece pela contribuiÃ§Ã£o ao ritmo!! #AxÃ©No2222 &lt;3
ØµÙ„Ø§Ø­ Ø§Ù„Ø¯ÙŠÙ†,(Ù„ÙŠÙƒÙØ± Ø§Ù„Ù„Ù‡ Ø¹Ù†Ù‡Ù… Ø£Ø³ÙˆØ£ Ø§Ù„Ø°ÙŠ Ø¹Ù…Ù„ÙˆØ§ ÙˆÙŠØ¬Ø²ÙŠÙ‡Ù… Ø£Ø¬Ø±Ù‡Ù… Ø¨Ø£Ø­Ø³Ù† Ø§Ù„Ø°ÙŠ ÙƒØ§Ù†ÙˆØ§ ÙŠØ¹Ù…Ù„ÙˆÙ†) [Ø§Ù„Ø²Ù…Ø±:35] http://t.co/qPvOanViKd
ã‚¹ãƒ†ã‚­ãªãŠéƒ¨å±‹,"RT @monkey_magics: ãŠé‡‘ã‚­ãƒ©ã‚¤ãªäººã¯

çµ¶å¯¾ã«çµ¶å¯¾ã«
ãœãƒ¼ãƒ¼ãƒ¼ã£ãŸã„ã«

èª­ã¾ãªã„ã§ãã ã•ã„w
ã‚¤ãƒ¤ã¨è¨€ã†ã»ã©
ãŠé‡‘ã‚’å¼•ãå¯„ã›ã¦ã—ã¾ã†ã‹ã‚‰ï¼
http://t.co/bZnfes3MsI

ï¼ƒæœ¬æ—¥ãƒªãƒ³ã‚¯å®Œå…¨å‰Šé™¤
ï¼ƒå…ˆç€é †ç· åˆ‡ http://t.co/FyBcgâ€¦"
Skinny teen,xnxx: Big blonds prefer bigger toys - porn #pics #news #pussy #youtube  http://t.co/gu2SF7HiZ7
David limon heredia,RT @SexyMilfWives: PIC http://t.co/FrGK2fCogT #amateur #milf #hotwife #swinger #nsfw @ForSwingers @GroupSexTube @NakedXB http://t.co/WIoYeFâ€¦
sempiternal â€ ,"Caralho, foram 9 fodidos dias!"
Sabrinaâ™›,Quiero que me hable!!!!
ãªãªã¿æ°@ä½æµ®ä¸Šå†é–‹,"å¯ãŸã‚‰æ˜¨æ—¥ã®ã“ã¨ã©ã†ã§ã‚‚ã‚ˆããªã£ãŸã®ã§ä»Šæ—¥ã¯æµ®ä¸Šã™ã‚‹ã‰(,, Õà¨Š Õ)ï¼â˜)Õà¨Š Õ)"
Ricky Sembiring,"Aku pernah....
ğŸ˜†ğŸ˜„ğŸ˜® (at @cynthia_siddik) [pic] â€” https://t.co/kjxX7HPxAq"
1 d a f,"@The1DNxvy done, can you give @myw0nderwall the free follows thank you x"
Fatima,"RT @WattpadFanfic: Holy ship! This is going to be close one - who are you rooting for? Retweet for #Troyler, favorite for #Zalfie. http://tâ€¦"
ã¡ãƒ¼ã•ã‚“ã€‚,"***
ä»Šæ—¥ã¯ãŠå‹é”ã®èª•ç”Ÿæ—¥â™¡
ãƒ‘ãƒ¼ãƒ†ã‚£ã—ã¦ãã¾ã™â™¬
#ä»Šæ—¥ã®ã‚³ãƒ¼ãƒ‡ #code #coorde #coordinate #fashion #outfit #ootd  #girlâ€¦ http://t.co/NyifoNnceA"
ï½“ï½ˆï½…,ã‚ãŸã¾ã„ãŸã„ãƒ¼
Infocifras,Guerra en Sucre: Tiroteo con granadas deja seis PoliSucre heridos http://t.co/MopZUpW9jL vÃ­a @InfoCifras
Rams,"Ta cara, jÃ¡ sei q tu jÃ¡ deu!"
Volunteering,Research - Heart and Stroke Foundation of Canada http://t.co/wCzpV0iIVu
ë…¸ìŠ¹ì‹ ,ì¥ì€ ê·¸ì˜ ì†ì— ë§¡ê¸´ ê²ƒì„ ë¬´ ( http://t.co/wXe9Xfa50O ) #ë¦´ê²Œì„ì•¼ë§ˆí†  http://t.co/HydmaXmVAO [ ï¼­ï¼¸ï¼•ï¼ï¼•ï¼ï¼ï¼£ï¼¯ï¼­  ]
"jillian,,",RT @Calum5SOS: You can only learn the art of singing in a recorded once you're staring at a penis. I kindly granted that art to luke
Tom Dillon,"@FelixWarnerXXX, there's no convincing at all. The only thing we may not even make it to the bathroom"
Ray âš“,"60% dos meus amigos estÃ£o indo pra SoulVision, e eu aqui, comentando deles"
TE AMO CORINTHIANS â™¥,RT @LuanCarlosH: Tite fica pelo resto da vida treinando o Corinthians &lt;3
katielovesyou,We got a car!!!!!!!!!
Chyannnnn,â€œ@AmiiLovessYou: @thetruethug lyinggggg ğŸ˜‚â€ that's justttttt my faceeee
â™¡ ì§€ì°½ìš± ì‚¬ë‘í•´ â™¡,Agora eu to ate nervosa sÃ³ d imaginar o jaejoong produzindo um filme erÃ³tico
Ø§Ù„Ø¹ÙØ±ÙŠØª Ø¨ØªØ§Ø¹ Ø§Ù„Ø±Ø§Ø¨,RT @sara_khaled2015: Ù…Ø´ Ù…Ø³ØªÙ†ÙŠÙ‡ Ø­Ø§Ø¬Ù‡ Ù…Ù† Ø­Ø¯ âœŒ
-4 my bday,@pierro1999 m'en fou je courserais les 1d aprÃ¨s
ã™ãŸã¿ã‚“ã¨ã‹ã™ãŸã®ã“,@gazyet_ ãªã‚“ã§ãã‚“ãªã«â€¦
aaron?,"GO WATCH @AaronCarpenter'S NEW VIDEO NOW ğŸ¥

LIKE AND SUBSCRIBE

#AaronWouldYouRather #AaronsNewVideo 
LINK http://t.co/XxvjWXRAUh 
X19"
e7sas mjÎ·ÏƒÎ·,"RT @zahi445: @apc1112 
Ø£Ù†ÙØ¶ Ù„ÙŠ ï»» Ù‡Ù†Øª
#Ù…ÙØ¶Ù„ØªÙŠ"
Betty Lorenz,"I've harvested 2,019 of food! http://t.co/baOS08Ahhv #ipad, #ipadgames, #gameinsight"
glenys  parra,"RT @LaVidaEnLetras: La edad no importa, si te gusta, te gusta."
Ù‡ÙŠØ«Ù… Ø§Ù„ÙƒØ±ÙŠØ¹,RT @MonaabdElwhapa: @sultan050777701 @ALOtaibiMonerah @LamaAlshehri_ @bentalagedh73 @fofaalmz @AmanyZidan73 @m7arah1 @FatymaMarzany http://â€¦
Joree,ì˜¤ëŠ˜ì€ ì§„ì§œ ì§‘ì—ì„œê°€ ëª¨ë°”ë©” ì‚¬ì§„í„¸ì´ì¢€í•´ì•¼ê²Ÿë‹¹...;ã…‹ã…‹
Matthew McConaugheyÂ ,RT @RealStrongfacts: There are 350 million Snapchat messages sent every day #snapchat
Matheus Gostoso,@vem_sexo me chama lÃ¡ gostosa
Jugg Vorâ›½ï¸,RT @OVO4Play: This kills me : never take someone you love for granted ğŸ’ğŸ˜” http://t.co/bCai9XgsJG
Courtney,@justsayinirwin well if you actually knew my bra size ğŸ˜‚
ÙÙ‡Ø¯ Ø³Ù„Ù…Ø§Ù† Ø§Ù„ØºÙŠØ¯Ø§Ù†ÙŠ,Ø§Ù„Ù„Ù‡Ù… Ø§Ø¬Ø¹Ù„Ù†Ø§ Ù†Ù…Ø´ÙŠ ÙÙŠ Ø±ÙˆØ¶Ùƒ ÙˆÙ†Ø­ÙŠØ§ Ù„Ø°ÙƒØ±Ùƒ Ùˆ Ù†Ø³ØªÙ‚ÙŠÙ… Ø¹Ù„Ù‰ Ù‚Ø±Ø¢Ù†Ùƒ http://t.co/6PoLkPtpIN
á—·Î±Ñƒâ„“eÎ±,Wish I was born having no feelings whatsoever .
å¤§äººã®ã‚„ã‚Šç›´ã—ç†ç³»è‹±èªæ•™å¸«ã®ã‚Šã«ãƒ21,ã€ŒReadingã€è‹±èªãŒå‡ºæ¥ãªã„äººã«é™ã£ã¦ã€Œã‚¢ãƒ¡ãƒªã‚«äººã¯ï¼³ï¼¶ãªã‚“ã¦è€ƒãˆã¦èª­ã‚“ã§ãªã„ã‚“ã ã‹ã‚‰ã€ã„ã¡ã„ã¡ãã‚“ãªã“ã¨å‹‰å¼·ã™ã‚‹ã“ã¨ç„¡ã„ã‚ˆã€ã¨å±ç†å±ˆã‚’è¨€ã†ã€‚è‹±èªã®é”äººã‚’æ•ã¾ãˆã¦è©±ã‚’èãã¨ã€Œè‹±æ–‡è§£é‡ˆã¯éå¸¸ã«å¤§åˆ‡ã ã€ã¨ã€å¿…ãšè¨€ã†ã€‚ã—ã£ã‹ã‚Šç«‹ã¡æ­¢ã¾ã£ã¦ã€Œã—ã£ã‹ã‚Šã¨ã€èª­ã‚€ç·´ç¿’ã¯å¿…è¦ã ï¼
â™š Lil $yn â™š,RT @WokeShorty: It's out!!! Go hear it and like it!!! @SnowThaProduct WoopWoop!! http://t.co/HpWQ8WfgRZ
Pity Party,"WE IN DA STU RIGHT NOW!!! WITH EMINEM RECORDING OUR HALF OF THE \"BOYS FUN\" SPLIT FAMILY!!!!! http://t.co/HWUd24a1S7"
Bonne nuit Francis,#meet @maximummaggie http://t.co/v6m4stL4Jm Natural 34G cup #busty #fetish http://t.co/YqwJIF383t
Ø­Ù…ÙˆØ¯ Ø­Ù…ÙˆØ¯,RT @sexywomen4me: @jazzd80 this what I want to do to you http://t.co/cevBCgHUxp
DJM Video Gaming,"eBay CA: NES Nintendo 4 QUATTRO ADVENTURE Game w/original box, papers shown:  C $31.29 (0 Bids... http://t.co/ia2xDuAkZy #VideoGames #CA"
Kiley,RT @_lexxibassi: someone please explain to me what 'friends' even are at this point?
Jasmin,I'm jackson and she's Mark (even if I stan youngjae)
Ã–LÃœ BAÄYANâœ–ï¸,RT @musaerengul: http://t.co/AAiIDDyTni
XXVII,@LandomGonzExa Tu cola... ok no
( Â´ â–½ ` )ï¾‰,"RT @ximysasogoj: ã“ã®æ™‚é–“ã£ã¦æ¡ˆå¤–ç©´å ´ã ãªï½—ï½—

äººå¦»ã¨ã‹ã‚®ãƒ£ãƒ«ã¯ã‚„ã‚‹ã“ã¨ãªã„ã‹ã‚‰
ã‚ªã€‡ãƒ‹ãƒ¼â™¥ã—ã¦ã‚‹ã‚‰ã—ã„ã

ã“ã‚Œç™»éŒ²ã—ã¦é€£çµ¡ã—ã¦
æ€§æ¬²å‡¦ç†ã®æ‰‹ä¼ã„ã—ã¦ã‚„ã‚ã†ãœï½—ï½—

â˜›â˜›ã€€http://t.co/Ny7mB70q9u http://t.co/Y3w3rkHuâ€¦"
@larissamartins,"Carnaval Ã© na AlianÃ§a dr MisericÃ³rdia, venha conosco louvar e danÃ§ar na presenÃ§a do senhor, venha terâ€¦ http://t.co/In3M1isVK4"
Melanyâœ¨,I said I would try out for lax and make it.. but rn just everythin hittin me don't know if I should still do itğŸ˜ª
ê¹€ìš°ì§„,ì–´ë”˜ë°
â™¡ || 34 days,RT @AllyBrooke: All you had to do was SLAY
Mentiona Rt,"RT @lolmarley: demek senle sÄ±cak bi ÅŸeyler iÃ§mek istiyorum diyemiyorsun da \"hava Ã§ok soÄŸuk\" deyip ima ediyorsun ha :) tamam sus ben herÅŸeyiâ€¦"
âœ¨jordannnâœ¨,i will fck some chicken strips up boyyyğŸ˜‚ğŸ™Œ
Lacey Collins,"RT @taylormakeenzie: If your gonna change, at least make it for the better."
Paul Tovar,RT @NineAgent: Why does Kanye look like he's the most fearless warlock of all time http://t.co/8j1NDtLXrE
ã‚ˆã‚ã—ã,"RT @wolitacupefi: ã€é–²è¦§æ³¨æ„ã€‘æœ€è¿‘ã®å¥³å­é«˜ç”Ÿã®ã„ã˜ã‚æ˜ åƒæ€–ã™ãã ã‚ãƒ»ãƒ»ãƒ»

æœ€è¿‘ã®JKã£ã¦æ€§çš„ãªã„ã˜ã‚ã‚‚ã™ã‚“ã®ã‹ã‚ˆãƒ»ãƒ»ãƒ»
ãƒã‚¸ã“ãˆãƒ¼ãªï½—

å¥³å­ã¯è¦‹ãªã„æ–¹ãŒã„ã„ã‹ã‚‚ãƒ»ãƒ»ãƒ»
å‹•ç”»â‡’http://t.co/6Y4ReFm6EU http://t.co/LF3DQMâ€¦"
Roberto Grajales,"Por error, disponible tercera temporada de House of Cards:  Los episodios se encontraban en el catÃ¡logo de Net... http://t.co/PVBBVfCiTm"
It's this bitch!!!,@TheMattEspinosa please dm me please
Cenefer Lopus,RT @morhipopotam: yaÅŸamak istediÄŸim kafa http://t.co/8JfIzUG4KU
Ria,"Aaaaaaaamin\"@ErwinCandraP: Yatuhan bukakan pintu rezeki hambamu ini\""
âœŒ,"NEW @AaronCarpenter video!!
Watch him drink raw eggsğŸ˜‚
http://t.co/6NqX5qAt8f
GIVE IT A LIKE AND SUSCRIBE TO HIS CHANNEL #AaronsNewVideo 30"
Psycholove .,RT @TheMentxlist: L'Ã‰gypte a gagnÃ© 7 fois la coupe d'Afrique plus que n'importe quelle autre Ã©quipe de RENOIS.. Continuez a parler sur les â€¦
ë¡œì´ìŠ¤í™,ì˜ìƒ í™”ë³´â”‚&lt;ì‹ ì˜ í•œ ìˆ˜&gt; ì •ìš°ì„± â€œì´ì œ ì¡°ê¸ˆ ë‚¨ìê°€ ëœ ê²ƒ ê°™ë‹¤â€ http://t.co/eVgI0Ho3sO
ã‚¦ãƒ«ã‚º,ãŠã¯ã‚ˆãƒ¼ã”ã–ã„ã¾ã™
Viktor Nagornyy,RT @ineomktg: #Marketo Announces 56% Year-Over-Year Revenue Growth For 2014 - Demand Gen Report http://t.co/T9lg7KOP1D #MarTech
vinicius,VitÃ³ria vence Serrano por 3 a 1 e Ã© vice-lÃ­der do grupo A: O VitÃ³ria venceu a primeira partida na Copa do Nord... http://t.co/gQMjs41ymc
Bill Kelly,@DanaPerino I don't remember Bush's press secretaries lying like Obama's. Or am I wrong?
baneza,Entonces yo me quede como que ah okey
ØµØ¯Ù‚Ù‡ Ø¬Ø§Ø±ÙŠÙ‡,Ø§Ù„Ù„ÙÙ‘Ù‡ÙÙ…ÙÙ‘ ØµÙÙ„ÙÙ‘ ÙˆÙØ³ÙÙ„ÙÙ‘Ù…Ù’ ÙˆÙØ¨ÙØ§Ø±ÙÙƒÙ’ Ø¹Ù„Ù‰ Ù†ÙØ¨ÙÙŠÙÙ‘Ù†ÙØ§ Ù…ÙØ­Ù…ÙÙ‘Ø¯ http://t.co/qgwC4X0Ccf
Linda Marin,Pancha harrypotter #alojomora #harrypotter #mÃ¡gic #lol #yolo #hechizo https://t.co/qNFY4CqTMI
ã‚®ã‚¿ãƒ‘ãƒ©,Gibsonâ˜†ãƒ¬ãƒ—ãƒªã‚« ãƒãƒŸãƒ³ã‚°ãƒãƒ¼ãƒ‰ ãƒ•ã‚§ã‚¤ãƒ†ãƒƒãƒ‰ãƒã‚§ãƒªãƒ¼ å˜æ¿ http://t.co/sXXWgHAI6C #ã‚¢ã‚³ãƒ¼ã‚¹ãƒ†ã‚£ãƒƒã‚¯ã‚®ã‚¿ãƒ¼
Damoiseau,Si un jour vous vous faites violer dans la rue j'vais faire l'aveugle aussi
Asesor de Seguros,RT @LaVitalicia: Â¿SabÃ­as que a travÃ©s de nuestra pÃ¡gina web puedes reportar siniestros? Entra a http://t.co/7u3VQA3Ti9 y haz clic en Servicâ€¦
#ØºØ±Ø¯_Ø¨Ø§Ù„Ø®ÙŠØ±,Ø³ÙØ¨Ù’Ø­ÙØ§Ù†Ù Ø§Ù„Ù„Ù‡ ÙˆÙØ¨ÙØ­ÙÙ…Ù’Ø¯ÙÙ‡Ù Ø¹ÙØ¯ÙØ¯Ù Ø®ÙÙ„Ù’Ù‚ÙÙ‡Ù ÙˆÙØ±ÙØ¶ÙØ§ Ù†ÙÙÙ’Ø³ÙÙ‡Ù ÙˆÙØ²ÙÙ†ÙØ©Ù Ø¹ÙØ±Ù’Ø´ÙÙ‡Ù ÙˆÙÙ…ÙØ¯ÙØ§Ø¯Ù ÙƒÙÙ„ÙÙ…ÙØ§ØªÙÙ‡Ù #Ø£Ø°ÙƒØ§Ø± #ØºØ±Ø¯_Ø¨Ø§Ù„Ø®ÙŠØ± #ZDRSEDK4
Sophie,Thursday is such a pointless day of uni âœ‹
fado bb,Ø§Ù„Ù„Ù‘ÙÙ‡ÙÙ…Ù‘Ù Ø§ØºÙØ± Ù„ÙŠ Ù…Ø§ Ù‚Ø¯Ù…Øª ÙˆÙ…Ø§ Ø£Ø®Ø±Øª ÙˆÙ…Ø§ Ø£Ø³Ø±Ø±Øª ÙˆÙ…Ø§ Ø£Ø¹Ù„Ù†Øª http://t.co/TRb3HvqxZE
chilira,@SportsCenter no shit tiger.
Karna Bardey,"RT @sexbb1bb1: 2Ù†ÙŠÙƒ Ù…Ø­Ø§Ø±Ù… Ø®Ù„ÙŠØ¬ÙŠ

http://t.co/5RvnNijZxp
 http://t.co/u3G6hCKrDv
 http://t.co/HG7EMNaaEK

#Ø³ÙƒØ³_Ø¨Ù†Ø§Øª_Ø¬Ù†Ø³_Ù…Ø­Ø§Ø±Ù…_Ù†ÙŠÙƒ_Ø§ÙÙ„Ø§Ù…_Ø³ÙƒØ³_â€¦"
å…ˆè½ã¡ãƒã‚¤ã‚¹ã‚¿ãƒ¼ã¯ã‚‹ã•ã‚ï¼Šãƒšã‚¢ç”»,@Hanayo_smiledog ã“ã‚Œæœ¬å½“ã«ã«ã‚„ã‘ã‚‹w
S. Fildzah Nadhifani,"RT @ZodiacUpdates: Dear #Libra, mau sampai kapan melukai perasaan pasangan kamu dengan membuatnya cemburu atas kedekatanmu dengan yang lainâ€¦"
Keithy R5,"RT @justjaredjr: Um, is it Friday yet, @officialR5? #LetsNotBeAloneTonight http://t.co/GxdrXYpSdr http://t.co/Ky3jZn2zT4"
#perksofabrokenleg,@LillyPulitzer found it!! http://t.co/1FDrL1vkms
Daniela Yardas,"Cultura francesa permearÃ¡ Acapulco: Artes plÃ¡sticas, cine, gastronomÃ­a, moda y mÃºsica serÃ¡n parte integral de ... http://t.co/BEW0w8zMXo"
Ù…Ø­Ù…Ø¯ Ù…Ø­Ø³Ù† Ø§Ù„ÙÙ‡ÙŠÙ‚ÙŠâ™¡Ìµ',RT @Rya6_18: ØµØ¯Ø± Ø¨Ø¯ÙˆÙŠ ØªÙ„Øª Ø­Ø´Ø§Ù‡ Ø­Ø¶Ø±ÙŠÙ‘Ù‡.
ç¥åã‚ã™ã¿,@yuasa6_hiromi ãã†æ€ã†ãªã‚‰ãã†ãªã‚“ã§ã—ã‚‡ã†ã­ã€‚æ¹¯æµ…æ¯”å‘‚ç¾ãŠå§‰ã¡ã‚ƒã‚“ã®ä¸­ã§ã¯ã­â€¦
ãªã‚“ã‹ã„ã„è©±,"RT @Von6141: ï¼¹ï¼¹ï¼£ã§ã¯æ¤œç´¢ã®ã¨ã“ã‚ã§ã€ç™»éŒ²æ—¥ãŒæ–°ã—ã„é †ã«å¤‰æ›´ã§ãã‚‹ã®ã§ã€
ãã®æ¡ä»¶ã«å½“ã¦ã¯ã¾ã‚‹å¥³æ€§ã«ã‚¢ãƒ—ãƒ­ãƒ¼ãƒã—ã¦ã¿ã¦ãã ã•ã„ã€‚

â†’http://t.co/v6zfnsXK08

åŠ¹æœå¤§ã§ã™ã‚ˆwww http://t.co/Wx755pDHNc"
Chariena,Jadilah orang yang sabar. :)
ã™ãŒã¿ã¤âŠ‚*ï½€âˆ€Â´âŠƒ,"@Tama03171121 ã†ã‚“ğŸ™Œâœ¨
ã§ã‚‚ã­ï¼Blu-rayç›¤ã®2æšç›®ã®ãƒ‡ã‚£ã‚¹ã‚¯ä¸è‰¯å“ã£ã½ãã¦ã¿ã‚Œãªã„ã‚“ã ã‚ˆã­ğŸ˜­ğŸ’¦ğŸ’¦ğŸ’¦"
Site Banda Fly,OlÃ¡ @maisnovafm gostaria de ouvir o novo single da @flybr â€œvocÃª se foiâ€ obrigada! @acaovocesefoi
Bia,"RT @CocaNoMc: @viadocielo, @oculosdofig enviou uma Coca pra vocÃª beber no McDonaldâ€™s. Garanta seu cupom clicando aqui: https://t.co/2FLBxcwâ€¦"
ĞĞ½Ğ°ÑÑ‚Ğ°ÑĞ¸Ñ ĞĞ¸ĞºĞ¾Ğ»Ğ°ĞµĞ²Ğ°,Ğ¡ĞºĞ°Ñ‡Ğ°Ñ‚ÑŒ ĞºĞ°Ñ€Ñ‚Ñƒ Ğ´Ğ»Ñ Ğ¼Ğ°Ğ¹Ğ½ĞºÑ€Ğ°Ñ„Ñ‚ ÑƒÑÑ‚Ğ½Ñ‹Ğ¹ Ğ´Ğ¾Ğ¼Ğ¸Ğº Ğ´Ğ»Ñ Ğ²Ñ‹Ğ¶Ğ¸Ğ²Ğ°Ğ½Ğ¸Ñ http://t.co/AOX85Tf3ou
diva,RT @yungsbieber: jack gilinsky and madison beer would make such a nice couple http://t.co/BnXqBWKjTc
é£´ç‰,æ–°æ½Ÿã®å¡©é£´ãƒ»ãƒ»ãƒ»ã‚¸ãƒ¥ãƒ«ãƒªã€‚
Ä°lkay kiver,RT @tariksezaikrtp: @cezaindirimi55 @ozgurluge1gun @alirizaozturk33 baksana 5 sene yan gelip yatmÄ±ÅŸlar. mahkum sorunlarÄ±yla ilgilenmeye vakâ€¦
Doddy Al Jambary,Re Path From Cessy (with Cessy) [pic] â€” https://t.co/G8g2p8XAPb
shai parrett.,@DarrianKaylea love you too sugar plum
LittleBandit,"RT @Trokimoki: el calor 
de saberte lejos"
#GRACIASROMÃN #JRR10,"RT @Z_o_d_i_a_c_o: #LEO: si algo no estÃ¡ como tÃº quieres reconÃ³celo, harÃ¡s un drama para conseguirlo. Eres asÃ­ y lo mejor de todo, que lo lâ€¦"
Kaylee Kavanagh,Cannot stand cocky people who think they're all so high and mighty I want to beat that cockiness out of you with a stick
RÃ«ggÃ¯Ã« RÃ«gg,IDFWU âœ‹ http://t.co/9pbPjZmSwt
Leanne Mellings,"testchamber19: ncrrington: did u kno that st valentine is not only the patron saint of love, but also... http://t.co/Q1QRldmlgh"
SM,"I don't need a valentine, I need ValentinoğŸ‘‘"
âœŒï¸AylilMama,All my thoughts been roming around
ã„ã„ã®ã§ã¯ã€‚,OBä¼šè¡ŒããŸã‹ã£ãŸãªãƒ»ãƒ»
ã€½acadoyaâœ¨,Somebody be fucking her ğŸ˜‚ğŸ˜‚ğŸ’¤
Nur SyamsudiN [UBX],"@pikachuut @ehzakiaa Haha, ciee ada yg ngangenin cieee, terus kk yg ngangenin siapa? hahah :D :p"
S.rta Ribeiro â™›,"RT @ericgomesofc: Se a pessoa tem curtidas no face ou nÃ£o isso nÃ£o vai mudar nada, oque vale de verdade Ã© o carÃ¡ter ğŸ‘Š"
Otohoule,Le khedma demain Jv pas assumer c sur Ã¢pres 1semaine Ã©demi d'arrÃªt je c j'leurs est manquer de fou
Tatyâœ¨,RT @QueenCano: Like I'm sorry ğŸ˜ª https://t.co/dS0DqaT9Zl
rhea g,RT @Jayyy_Dwyer: @_Rheaaa Stop ansa Whatsapp ?
Kaylee Jordan,"RT @VaveGraf: \"Concubines- ugly concubines.\" http://t.co/IsxobuhAzM"
fine âœŒï¸,RT @ibankkung_: VRZO à¸­à¸­à¸à¸¡à¸²à¸Šà¸µà¹‰à¹à¸ˆà¸‡à¹€à¸£à¸·à¹ˆà¸­à¸‡à¸—à¸±à¹‰à¸‡à¸«à¸¡à¸”à¹à¸¥à¹‰à¸§ http://t.co/CwCX4PfGzO
Dee,"http://t.co/Fd9mU83Gwc &lt;= Also wenn man sich NUR den Kopf von weitem betrachtet, hats ja was von ner Magical Girl-Figur. xDDDD"
ãŒã‚Šå¤«@é¹¿å…å³¶,ã¾ã‚“ã“ããŸ http://t.co/5VFFVdlXyU
ã€çµµå¸«ã‚­ãƒ¥ãƒ¼!!ã€‘é»’ç€¬å®¶bot,å”¯ã€Œã¡ã‚‡ã£ã¨ã‚„ã‚Šã‚ƒã‚ã‚‹ç¨‹åº¦ã¯å‡ºæ¥ã‚‹ã‚“ã ã‹ã‚‰ã•ã€ãã‚Œã§ã„ãƒ¼ã ã‚ã€
Ù…Ø­Ø§Ø±Ù…,"RT @saleb_jeddah121: \"ÙƒØ³ Ù…Ø±ØªÙŠ Ø¬Ù…ÙŠÙ„ Ø¬Ø¯Ø§
http://t.co/h52AfVNgJB 
http://t.co/BgiZm56ntT 

http://t.co/h52AfVNgJB 

http://t.co/BgiZm56ntT 
#Ø³â€¦"
Man âœŒ,RT @Ow_moreninha: @jorgeHSanto @Eu_sou_lindoo Sai o metido ğŸ˜‚ğŸ˜‚
Ø­Ø§Ø²Ù… Ø¬Ù„Ø§Ù„,"RT @wxdxw: â™¦âŠÙØ±ØµØªÙƒ
â™¦â‹Ù„Ø²ÙŠØ§Ø¯Ø© Ù…ØªØ§Ø¨Ø¹ÙŠÙ†Ùƒ
â™¦âŒØ±ÙŠØªÙˆÙŠØª
â™¦âÙÙˆÙ„ÙˆÙ…ÙŠ
â™¦âÙÙˆÙ„ÙˆØ¨Ø§Ùƒ
â™¦âØ§Ø¶Ø§ÙØ© Ù…Ù† Ø¹Ù…Ù„ Ø±ÙŠØªÙˆÙŠØª
â™¦âØ§Ø´ØªØ±Ùƒ Ø±ØªÙˆÙŠØª Ù…Ø¬Ø§Ù†ÙŠ http://t.co/qrBNzwknrR
42"
Peasey,@hannahl94 bloody rum doers.
â‚ BlueDeck â‚,RT @TodoMensajes: JamÃ¡s permitas que tu orgullo acabe con tu felicidad.
#teamWEOW,@thedanismith hey I know that person :) the one on the left I have no idea tho
Francisco Everard,"Oba oba, o #BigFollow est&amp;aacute; de volta! http://t.co/AxCYyhItsg"
Karissa Nicole,However I tried it
YazÄ±yor...,"RT @lolmarley: demek senle sÄ±cak bi ÅŸeyler iÃ§mek istiyorum diyemiyorsun da \"hava Ã§ok soÄŸuk\" deyip ima ediyorsun ha :) tamam sus ben herÅŸeyiâ€¦"
PLS MATT/SHAWN â¥,"go watchğŸš¨

@AaronCarpenter
new videoğŸ¥

http://t.co/9KxrthcY3Y 
and give it a ğŸ‘

you won't regret
#AaronsNewVideo 
#AaronWouldYouRathe 
x8"
kristinkaâœ¨,"RT @sidalina1409200: Ğ”Ğ»Ñ Ğ»ÑĞ±Ğ¸Ğ¼Ğ¾Ğ³Ğ¾ Ñ‚ĞµĞ±Ğµ Ñ‡ĞµĞ»Ğ¾Ğ²ĞµĞºĞ°, Ğ½Ğ° Ğ¸Ğ´Ñ‘ÑˆÑŒ Ğ²Ñ€ĞµĞ¼Ñ Ğ²ÑĞµĞ³Ğ´Ğ° ğŸ˜Œ http://t.co/c742qd9k9F"
Ø¹Ø§Ø¯Ù„ Ø§Ù„Ø³ÙˆÙŠØ¯Ù‰,"RT @xxEn7raaaaf: Ø¹Ø¨ÙŠÙ„ÙˆÙˆ ÙˆØ£Ø¯ÙŠÙ„ÙˆÙˆÙˆÙˆ

Snap: X_A7eh
Ø¯Ø¹Ù… Ø­Ø³Ø¢Ø¨Ø§Øª Ø§Ù„Ø³Ù†Ø¢Ø¨

+ Ø§Ù„Ù„ÙŠ ÙŠØ¨ÙŠØ¹ÙˆÙ† Ø¹Ø³Ù„ Ø¨Ø§Ù„Ù‡Ø´ØªØ§Ù‚ Ø¨Ø±Ø¢ :@
#Ø¥Ù†Ù‚Ø·Ø§Ø¹_Ø§Ù„ÙƒÙ‡Ø±Ø¨Ø§Ø¡_Ø¨Ø§Ù„ÙƒÙˆÙŠØª
5101"
Ù†Ù‚Ù€Ù€Ø¢Ù’Ø¡.!,"RT @fteem115: Ø£Ù„ÙŠØ³Øª Ø§Ù„Ø¬Ù†Ù‘Ø© ÙˆØ·Ù† Ø§Ù„Ø®Ù„ÙˆØ¯ØŸ
ÙÙ„Ø§ Ù…ÙˆØª ÙˆÙ„Ø§ ÙÙØ±Ø§Ù‚ ÙˆÙ„Ø§ Ø£Ù„Ù…ØŒ ÙØ³Ù„Ø§Ù… Ø¹Ù„Ù‰ Ø§Ù„Ø¯ÙÙ†ÙŠØ§ ÙˆÙŠØ§Ø±Ø¨ Ø§Ù„Ø¬Ù†Ù‘Ø©ğŸ’œ :\"\""
Antoâ™¥,Fan ğŸ˜» http://t.co/6E4d1K63fb
Photo Compare,"RT @TheAdrianaLima_: Hair Growth Miracle Just Released Today. This Tip Will Increase Your Hair Length In Days ğŸ’™ğŸ™‹
ğŸ‘‰ http://t.co/4TYL0jSTnj hâ€¦"
The cat@GB_followbck,RT @daum70000: ï¼²ï¼¥ï¼´ï¼·ï¼¥ï¼¥ï¼´ IF YOU WANT A SHOUT OUT #TeamFollowBack âœ” #TeamAutoFollow âœ” #500aDay âœ” #1000aDay âœ” #TFB âœ” #F4F âœ” #FollowMe âœ” #TFBJP â€¦
Ù†Ø§Ù†Ø³ÙŠ,"RT @waljlewi: Ø§Ù„Ø·ÙÙŠØ¨ÙÛ Ø§Ù„Ù…ÙØ¤Ù„ÙÙ…ÙÛ Ø£ÙÙ†Ù’ ØªÙØ­ÙØ§Ø¯Ø«Ù’ ØªÙŒÙ…ÙØ§Ø²ÙØ­ Ùˆ ØªÙØ¶Ø­Ú© Ù…Ø¹Ù 
Ø´Ø®ØµÙ’ Ø¬Ø±Ø­ÙÙƒ Ø³Ø§Ø¨Ù‚Ø§Ù‹ ÙˆÙƒÙØ£Ù†Ù‡ Ù„ÙÙ… ÙŠÙÙØ¹Ù„ Ø´ÙÙŠØ¡ØŒ"
ãªãŠã,"RT @ryhulisofyla: ã€æ”¾é€äº‹æ•…ã€‘åœ°ä¸Šæ³¢ã§ç†Šç”°æ›œå­ã®ãƒ¯ãƒ³ãƒ”ãƒ¼ã‚¹ãŒè„±ã’ã‚‹ãƒãƒ—ãƒ‹ãƒ³ã‚°wwww

ã€Œãƒ¢ãƒ­è¦‹ãˆã¦ã‚‹ã˜ã‚ƒã­ãƒ¼ã‹wwwã€
ã€Œ100å„„å›æŠœã„ãŸï½—ã€

ç”»åƒâ‡’http://t.co/SoBHj9RVA4 http://t.co/ewAnJQP9wC"
èŠ¸èƒ½äºº -æœ€æ–°æƒ…å ±ã¾ã¨ã‚,"ã€ã€è–„ã„é¡”ç¾äººåé‘‘ã€‘ã€€ä¸€é‡ç¾äºº, åœ°å‘³é¡”ã¾ã¨ã‚ï¼ˆéšæ™‚æ›´æ–°ï¼‰ã€ http://t.co/UbQvcuwDUl

 -NAVERã¾ã¨ã‚ (èŠ¸èƒ½äºº)"
Drs.H Sigit Supranot,"RT @RereQuote: A relationship doesn't have to be perfect, it just has to be real."
$$.,Thank you boys for coming out @Santiagoprada5 @Princeadiaan_
ã‘ã‚“ã¨ã€ ,"RT @hyjidawypen: ã€ä¸­å›½å­¦ç”Ÿã„ã˜ã‚ã€‘
å¥³ã®å­ã®æœã‚’è„±ãŒã›ãƒ“ãƒ³ã‚¿

å…¨è£¸ã«ã—ã¦è‚¡ã‚’é–‹ã‹ã›æ’®å½±

ã‹ã‚ã„ãã†ã«ãƒ»ãƒ»ãƒ»
ä¸­å›½ã®ã„ã˜ã‚ã¯è¡Œãéãã¨ã‚‹ãª
å‹•ç”»â†’http://t.co/TkpS6mfW6B http://t.co/kWmHjPaigu"
mary,@lohscarparo nao mas ja era p ter terminado mas a linda aqui ama tanto o colegio q resolveu repetir um ano sabe hahahahaha to no 3 e vocee
Gab$,RT @camilacabello97: IM GOING TO BE 18 IN LESS THAN A MONTH!!!!
Vanessa,"RT @MariseDisse: Deja que te diga una cosa, tu arte rebosa... 

http://t.co/uDHj7Eu8eZ

En VIVO!"
fatma sahin,lakiers so mean to me sometimes ğŸ˜’
em,RT @BIEBSHYPHY: i'm going to thunder punch emily in the throat
gabrielle,RT @AaronCarpenter: What do you guys think of the video?ğŸ˜Š tweet me w #AaronsNewVideo
Oscar,@JennaPasko what song ate they playing
ìŠ™,RT @94sharpgun: @_btsuga 911 what's your emergency: im yea my friends iPad is haunted send help send holy water
ã†ã¡ãƒ©ãƒ©,RT @tokinosuisyo: äº‹å‰ç™»éŒ²ã®å—ä»˜ã¯çµ‚äº†ã„ãŸã—ã¾ã—ãŸï¼å¤šæ•°ã®ã”ç™»éŒ²ã‚ã‚ŠãŒã¨ã†ã”ã–ã„ã¾ã—ãŸã€‚é…ä¿¡ã¯æœ¬æ—¥2/12(æœ¨)ã®ãŠæ˜¼é ƒã‚’äºˆå®šã—ã¦ã„ã¾ã™ã€‚æ°—æŒã¡ã‚†ã£ãã‚Šã‚ã§è¦‹å®ˆã£ã¦ã„ãŸã ã‘ã‚‹ã¨å¹¸ã„ã§ã™ã€‚ãã‚Œã§ã¯é…ä¿¡ã¾ã§ã©ã†ããŠå¾…ã¡ãã ã•ã„ï¼ http://t.co/gP1Q7â€¦
camille,Just gotta give it time
Music Man kev,RT @Briannaax23: Get's me every time http://t.co/h75QbzRG8H
Mili,"Todos hacen eso de 50 cosas sobre mi y me caen todos mal, los bloquearia a todos bue pero posta que me da ganas de hacerlo"
FazakFletch,RT @brontebooks: #WednesdayWave @pjshawtoys thank you  @BrackmanWolfe @frederickone @fazakfletch @yegispnk @KjorObbinsL @BudsTalk @BecsJDonâ€¦
hayden,@collin_all_cars you ditchin the Miata?
Â®â†ªĞ¯Î£Î›PÎ£Ğ¯â†©Â®,RT @RosaTrunk: @AdryMMP @DeepPocketz360 @yo4ma33942 @BirnCardoso @END_DA_HATE @seaweed115B @roryquinn3 @Twdfan45 @GITIN_M0NEY_618 @Suemyersâ€¦
ã«ã‚ƒã‚“ããƒ¼æ¨ã—@TEAMãƒŠãƒãƒ¥ãƒ©ãƒ–NEO,"å¯’ã„ã‚ˆãƒ¼
èª°ã‹ã‚ãŸãŸã‚ã¦(Â´ï¼›Ï‰ï¼›`)"
Joshua Cannon,RT @IUPCrimsonHawk: WBB: And that's final!  The No. 13 IUP Crimson Hawks have defeated the Mercyhurst Lakers 81-59. #IUPWBB
ì  ì¥,"RT @art_nine9: &lt;ê°“ í—¬í”„ ë” ê±¸&gt; OST íŒë§¤ ì•ˆë‚´!
ì•„íŠ¸ë‚˜ì¸ì—ì„œ 14ì¼ë¶€í„°, &lt;ê°“ í—¬í”„ ë” ê±¸&gt; OSTë¥¼ íŒë§¤í•©ë‹ˆë‹¤! êµ¬ë§¤í•˜ì‹  ë¶„ë“¤ê»˜ëŠ” í¬ìŠ¤í„°ë¥¼ ì„ ë¬¼ë¡œ ë“œë¦½ë‹ˆë‹¤ :) ì•„íŠ¸ë‚˜ì¸ ë§¤í‘œì†Œ &amp; ì‡ë‚˜ì¸ ì¹´ìš´í„°ì— ë¬¸ì˜ì£¼ì„¸ìš”! http://t.coâ€¦"
ã‚µãƒ¼ãƒ³ã‚¢ãƒã‚¹ã®å·¨äºº,"ã¡ã‚ƒã†ã­ã‚“

ãƒãƒ£ãƒªå®¶ãªã„ã®å¿˜ã‚ŒãŸã®ã¯
ä¿ºãŒæ‚ªã‹ã£ãŸã‘ã©
æ¯ã•ã‚“ã«é€ã£ã¦é ¼ã‚“ã æ™‚ã«
è»Šã®ã‚­ãƒ¼æŒã¤ã‚ˆã‚Šå…ˆã«ä¿ºã®å¼å½“æŒã£ã¦
ã€æ‚ªã„ã€ä»Šæ—¥ã€å¼Ÿã€å¼å½“ã ã£ãŸã€
ã£ã¦è¨€ã£ãŸã‚ã¨ã«
ä¿ºã‚’å°å­¦æ ¡ã«å±Šã‘ãŸã‚ã®æ™‚é–“
ã‚ã®æ™‚é–“ãŒå…¨ã¦ã‚’ç‹‚ã‚ã›ãŸ"
ì´ìˆ˜ë¹ˆ,"RT @AmazingboySJ: #í•˜ì§€ë‚˜ #ìœ¤íƒœì£¼ ì˜¤ëŠ˜ë°¤ì—ë„ ë³¸ë°©ì‚¬ìˆ˜ ë¶€íƒë“œë ¤ìš”â˜â™¡â˜œ \"SBS [í•˜ì´ë“œì§€í‚¬ë‚˜] - 11ì¼(ìˆ˜) ì˜ˆê³ : http://t.co/bzuWYKqWxW @YouTube ë‹˜ì´ ê³µìœ \""
26631stwc,Weather Update. http://t.co/72oeqgwgVq 19:19:17
Adrielle oliveira,"RT @oipositividade: Quando a pessoa realmente te quer, ela faz de tudo pra te ter. ğŸ‘ŒğŸ˜ŒğŸ‘"
Ivana #18F,@horacioramms y bien? O mÃ¡so? Aveces cuesta remontar!
Wana Warni,"Pengarah : Wana 
Me : Apa
Pengarah : Senyum Sikit , Nanti Saya Beli Eskrem Butterfly Awak K 
Me : Koperasi Tutup Blh Lah Ckp Nak Belikan -,-"
Marcos Geremias,@lucas_lira kKkkk vocÃª falo que eu tava tweetando toda hora huaehuaheuahu!!!!!!!!!!
Legendary Lani,RT @moneymonts: We got ppl from all over GA checking in to #Sidelines tomorrow for #APrettyPhuckingValentine #Uwg #Uwg18
natsu_ok,@Nao_NGC å¤§ä¸ˆå¤«ã§ã™ã‹ï¼Ÿ
Janice Weaver,"@DaryaEryshova94 
Ğ’Ñ‹ Ğ¸Ğ½Ñ‚ĞµÑ€ĞµÑÑƒĞµÑ‚ĞµÑÑŒ Ğ—Ğ°ĞºĞ¾Ğ½Ğ¾Ğ¼ ĞšĞ°Ñ€Ğ¼Ñ‹, Ñ€Ğ°Ğ·Ğ²Ğ¸Ñ‚Ğ¸ĞµĞ¼ Ğ²Ğ½ÑƒÑ‚Ñ€ĞµĞ½Ğ½ĞµĞ³Ğ¾ Ğ¿Ğ¾ĞºĞ¾Ñ?:) ĞŸÑ€Ğ¸Ğ³Ğ»Ğ°ÑˆĞ°Ñ Ğ½Ğ° Ğ¾Ğ½Ğ»Ğ°Ğ¹Ğ½-ĞºÑƒÑ€Ñ https://t.co/7HWizjhLf2"
ã‚¨ãƒ­ã£ã¦ã„ã„ã‚ˆã­â™ª,ã‚¨ãƒ­ãªäº‹ãŒå¤§å¥½ããªæ–¹ãƒ•ã‚©ãƒ­ãƒï¼‘ï¼ï¼ï¼…ã§ã™ã€‚ãƒ•ã‚©ãƒ­ãƒ¼ã—ã¦ã­â™ªã€€ #followme #followmejp
â™› Caniff Girl â™›,"GO WATCH @AaronCarpenter 's NEW VIDEO! 

GIVE IT A ğŸ‘

MAKE SURE SUBSCRIBE! ğŸ’

ğŸ€ #AaronsNewVideo ğŸ€
http://t.co/d1HSrbT5oE 18"
ã™ãƒ¼ã‚‰,ã‹ã‚“ã“ã‚Œã¿ã‚ˆ
ããã‚‹â˜†,"RT @babyjamissan: çœŸå¤œä¸­ã«è„±èµ°ã€ã„ã£ã±ã„é ¬å¼µã£ãŸä¸Šã«å”¾æ¶²ã‚’å¸ã£ãŸé¤ŒãŒè‡ªåŠ›ã§å‡ºã›ãªããªã‚‹ç¨‹è†¨ã‚‰ã¿ã€ã‚¨ã‚¤ãƒªã‚¢ãƒ³åŒ–ã€‚
çŒ«ã¯ãƒã‚ºãƒŸã«ãƒ“ãƒ“ã£ã¦ã‚‹ã®ã§ç„¡å®³ã ã£ãŸæ¨¡æ§˜ã€‚
ç›®ã®å‰ã§é¤Œã‚’é£Ÿã‚ã‚Œã‚‹ã®ã‚’ã˜ã£ã¨è¦‹ã¤ã‚ã‚‹çŒ«ã¨ã„ã†æ§‹å›³ãŒçœŸå¤œä¸­ã«èµ·ã“ã£ã¦ã„ãŸã‚‰ã—ã„
#ãƒãƒ ã‚¹ã‚¿ãƒ¼ http:â€¦"
Fio,Otras de las razones por lo que odio el tela de las divisiones es porque se separa todo el grupoğŸ˜¥ğŸ˜©ğŸ˜£ğŸ˜¢
carla â™¥APâ™¥,"RT @AxelOficial: Ya estamos en el Teatro Colonial, en 1 hs arranca #AxelABeneficioDeSurSolidario
Un show muy especial!  
#TodosPodemosAyudaâ€¦"
Ğ¢Ñ€ÑƒÑ‚Ğ½ĞµĞ² ĞŸĞ°Ñ€Ğ¸Ğ»Ğ¾Ğ²Ğ°,â–º Red day â—„ Ğ¾Ñ‚ Art Gallery Ğ½Ğ° Etsy http://t.co/KtmTT948CD via @Etsy-54dbf1700d936
Ø§Ù†Ø§ Ø¨Ø·Ù‡!! ÙˆÙŠÙ† Ø¨ØªØ­Ø·Ù‡,RT @hloeerf224: video: 877 http://t.co/FqJQS0JchF http://t.co/QuyrbPD7Xi #Ø§Ø´ØªÙ‡ÙŠÙ‡Ø§_Ù…Ø¹Ùƒ #Ù…Ø­Ù†Ø©_Ø§Ù„Ø¸Ù‡ÙŠØ±Ø© #Ù„Ø­Ø³_ÙƒØ³ #Ø­Ù…Ù„Ø©_Ù…Ù„ÙŠÙˆÙ†_Ø¯ÙŠÙˆØ« #Ù…Ù…Ø­ÙˆÙ†
salhen zuwawa,@HananAttaira Ù‡Ø¯Ø¤Ø¡ Ù…Ø§Ù‚Ø¨Ù„ Ø§Ù„Ø¹Ø§Ø§ØµÙÙ‡ â˜º
Muhammad Fahmi,Amazon Challenger http://t.co/EdnxDdsCz9 Raises $140 Million Ahead Of Launch: http://t.co/EdnxDdsCz9 has yet to ... http://t.co/c09Fy9axk2
Patrick Stump,@wentzRP - if we don't have ingredients. We'll have to do something other than that. [puffs my cheeks out]
JulianBeats.com,"Juicy J \"Blue Dream &amp; Lean\" Release Date &amp; Cover Art: The Three 6 Mafia member is also slated to release his f...  http://t.co/BAgKDlSump"
STICKYONTHEBEAT,RT @SportsViness: Lance Moore with the Hingle McCringleberry celebration.  https://t.co/7o2a6AMCXp
ã‚¤ãƒãƒ­ãƒ¼ã€€ãƒ¬ãƒ¼ã‚¶ãƒ¼ãƒ“ãƒ¼ãƒ ,"RT @Gillian954152: æˆæ¥­ä¸­ã«ã€ŒiTunesã‚®ãƒ•ãƒˆã‚³ãƒ¼ãƒ‰ã€
é¬¼ã‚²ãƒƒãƒˆï¼ï¼
ãƒã‚¸ã‚µã‚¤ã‚³ãƒ¼ãƒ¼ãƒ¼ï¼ï¼

ç°¡å˜ã™ãã¦ãƒ¯ãƒ­ã‚¿ï½—

iPhoneâ‡’http://t.co/St9h6gomMM
ã€Œé•·æŠ¼ã—ã¦Safariã‹ã‚‰é–‹ãã€ http://t.co/tAPxKqN0yh"
Ryan Murray,RAF or CoD??
HO,"RT @hyjidawypen: ã€ä¸­å›½å­¦ç”Ÿã„ã˜ã‚ã€‘
å¥³ã®å­ã®æœã‚’è„±ãŒã›ãƒ“ãƒ³ã‚¿

å…¨è£¸ã«ã—ã¦è‚¡ã‚’é–‹ã‹ã›æ’®å½±

ã‹ã‚ã„ãã†ã«ãƒ»ãƒ»ãƒ»
ä¸­å›½ã®ã„ã˜ã‚ã¯è¡Œãéãã¨ã‚‹ãª
å‹•ç”»â†’http://t.co/TkpS6mfW6B http://t.co/kWmHjPaigu"
Mari,"@livscamp psiu, fale cmg"
Suyooooo â„,Oh no I didn't cry cry cry~
ã‚ã•ã¿ç·¨é›†é•·,@bukuromance3 4000å††ã¯å®‰ããªã„ã‹ï¼Ÿ
lock uname,"@null Kamis, 12 Februari 2015 Jam 07:23  #Pubiway"
kÃ¼bra dalkÄ±lÄ±Ã§,of bu gece uyuyamÄ±yorum iÃ§imde bir sÄ±kÄ±ntÄ± var :((
Lourdes Alonzo,@hdez_daniel Muchas gracias
Cherish.,RT @_trapical: you can waste so much time on someone you thought deserved it all
ryuuzakikoedaä»¤äººæ¯›éª¨æ‚šç„¶çš„,"@neco_92a
æ—¥æœ¬æ˜¯è±¬å“ˆå“ˆå¤§å± æ®ºï¼"
Ù†Ø§Ø´Ø¯,Ø§Ù„Ù„Ù‡Ù… Ø§ØºÙØ± Ù„ÙŠ ÙˆØ§Ø³ØªØ±Ù†ÙŠ ÙÙˆÙ‚ Ø§Ù„Ø£Ø±Ø¶ ÙˆØªØ­Øª Ø§Ù„Ø£Ø±Ø¶ ÙˆÙŠÙˆÙ… Ø§Ù„Ø¹Ø±Ø¶ http://t.co/nN43BP6i9G
ã‚ã‚ã©ï¼ ãƒã‚±ãƒƒãƒˆã«,2ã§ã€‚(JNB)(ã±ã‚‹ã‚‹)å¯(82å††)(392å††)ãƒ©ã‚¤ãƒˆ(360å††)ãƒ—ãƒ©ã‚¹(510å††)ä»£é‡‘å¼•æ›éƒµä¾¿(880å††)å‡ºæ¥ã‚‹ã ã‘è¿…é€Ÿãªã”é€£çµ¡ã€ç™ºé€ã‚’å¿ƒãŒã‘ã¦ãŠã‚Šã¾ã™ã€‚ 1173
Vivianne,Vai mengÃ£o #SRN
No Name For You,"@vika_lavrenova Ñ‚Ñ‹ Ğ¶Ğµ Ğ² Ğ‘Ğ¦ĞºÑƒ Ñ€Ğ²Ğ°Ğ½ĞµÑˆÑŒ Ğº Ğ›ÑÑˆĞºĞ¾, Ğ½Ğµ?"
Ø±Ø§ÙƒØ§Ù† Ø§Ù„Ø¹Ø¶ÙŠØ§Ù†ÙŠ,RT @wwaa_sl: Ù„Ø§ Ø¥Ù„Ù‡ Ø¥Ù„Ø§ Ø§Ù„Ù„Ù‡ ÙˆØ­Ø¯Ù‡ Ù„Ø§ Ø´Ø±ÙŠÙƒ Ù„Ù‡ Ù„Ù‡ Ø§Ù„Ù…Ù„Ùƒ ÙˆÙ„Ù‡ Ø§Ù„Ø­Ù…Ø¯ ÙŠÙØ­ÙŠÙŠ ÙˆÙŠÙÙ…ÙŠØª ÙˆÙ‡Ùˆ Ø­ÙŠ Ù„Ø§ ÙŠÙ…ÙˆØª Ø¨ÙŠØ¯Ù‡ Ø§Ù„Ø®ÙŠØ± ÙˆÙ‡Ùˆ Ø¹Ù„Ù‰ ÙƒÙ„ Ø´Ø¦ Ù‚Ø¯ÙŠØ± http://t.co/g5ClFâ€¦
Rob B,RT @torbooks: Thereâ€™s a new Mind Meld at @sfsignal: whatâ€™s your favorite apocalypse or dystopia? http://t.co/A7bWWyEMxT
Cami Dalmasso,Vamos vamos river plateeeeee
ãƒ”ãƒ¼ã‚„,æ˜¨æ—¥ã®æ¨¡è©¦ã§ã ã„ã¶ãƒ¡ãƒ³ã‚¿ãƒ«ãªã„
D e i s yâ™¡,RT @Tinish23: Hoy me volviÃ³ a saludar jajajaja y no creo en nadie.
Juliet Humphrey,RT @Cunt_Watchers: Chloe's fucking mental! http://t.co/ytwC1n25QK
gabi,"@LucasRanngel na padaria top do lado da minha faculdade Ã© do mesmo jeito... Coxinha \"grande\" por 6 reais"
Maria,"Q raiva vei, nossa"
å¦–ç²¾ã•ã‚“â™¡äººé¡ã¯è¡°é€€ã—ã¾ã—ãŸ,@CuderiaFeuerbac ã§ãŸã‚‰ã‚ã®ã€ã«ãŠã„ãŒã—ã¾ã—ãŸ
KOWTERO 2.0,"Sometimes, change is what we need."
SLPS INFO,Congrats to Cleveland for being selected by @MoEducation as the National Title 1 Distinguished school! #WeChooseSLPS #stl #education
miana,I woke up and no one was home
Sri Father Nature,Cum stains kush nuggets all on my bed...
Ollie Hart,Daddy â˜ºï¸ğŸ¶ http://t.co/0xLNKVZoXC
ã²ã‚ã¨,"RT @hyjidawypen: ã€ä¸­å›½å­¦ç”Ÿã„ã˜ã‚ã€‘
å¥³ã®å­ã®æœã‚’è„±ãŒã›ãƒ“ãƒ³ã‚¿

å…¨è£¸ã«ã—ã¦è‚¡ã‚’é–‹ã‹ã›æ’®å½±

ã‹ã‚ã„ãã†ã«ãƒ»ãƒ»ãƒ»
ä¸­å›½ã®ã„ã˜ã‚ã¯è¡Œãéãã¨ã‚‹ãª
å‹•ç”»â†’http://t.co/TkpS6mfW6B http://t.co/kWmHjPaigu"
ã‚³ãƒ¼ã‚¹ã‚±,"RT @hyjidawypen: ã€ä¸­å›½å­¦ç”Ÿã„ã˜ã‚ã€‘
å¥³ã®å­ã®æœã‚’è„±ãŒã›ãƒ“ãƒ³ã‚¿

å…¨è£¸ã«ã—ã¦è‚¡ã‚’é–‹ã‹ã›æ’®å½±

ã‹ã‚ã„ãã†ã«ãƒ»ãƒ»ãƒ»
ä¸­å›½ã®ã„ã˜ã‚ã¯è¡Œãéãã¨ã‚‹ãª
å‹•ç”»â†’http://t.co/TkpS6mfW6B http://t.co/kWmHjPaigu"
wyatt,"RT @YoungKnowledge_: Let's see if I have a fan base or people who support my shit

Retweet my next tweet"
ãƒãƒ«,"ã€ã‚ã®èƒ¸ã«ã‚‚ã†ã„ã¡ã© ãƒ‡ãƒ©ãƒƒã‚¯ã‚¹ãƒ»ã‚¨ãƒ‡ã‚£ã‚·ãƒ§ãƒ³ã€ 
ã€Œãƒ«ãƒ‘ãƒ³ä¸‰ä¸–ã€å³°ä¸äºŒå­ã®å…ƒãƒã‚¿ï¼ï¼
http://t.co/JRZKUdQzaj  http://t.co/jWUHgyH5TQ"
â˜ï¸,I don't like Oovoo ğŸ˜‘ğŸ‘
Dâ¤ï¸,"RT @arabprodigy30: I have a dream one day, to have a unified and structured community. Have a voice in our society and support the youth wiâ€¦"
Jefferson Silva .â„¢,RT @LosRonin: Madurar es dejar de creer que la vida nos debe algo.
GodAndTheCSA,"Video: The Real Abraham Lincoln: A Debate between Harry Jaffa and Thomas DiLorenzo:

http://t.co/y4tE6E03k9"
Gina,"RT @bvaliulis: the most awkward moments in my life 
people: wow you're so tall
me: erm thanks i grew it myself"
ã“ã¬ã¾,"ã„ã‚‹ã‚ˆã•ãˆã¡ã‚ƒã‚“â˜†
ã¡ã‚ƒã‚“ã¨èµ·ãã¦ã‚‹ä¿ºç”Ÿãã¦ã‚‹ï¼"
El Padrote,"RT @ILordogro: Yo doy los buenos dÃ­as porque me educo una mujer no una sirvienta pinches mugrosos, sÃ¡quese a bolear los zapatos que ya es tâ€¦"
YasOu,La plage a Hammemet Sud  elle est degueulasse mais bon c'est une exception
Mitch,@Brad_Mahood @AfroSanchez you ya pleb you stopped shagging your cousin yetv
"Live, laugh, loveâ™¡",Life of the party ğŸ¤ğŸ¶ğŸ¹â¤ğŸ˜ I love this songâ™¡ #Handwritten #NeverBeAloneIn5Days #ShawnsFirstHeadlinesVIP #ShawnsFirstAlbum @ShawnMendes
Marya,"A gente tem 2 semanas pra ir sem uniforme pra escola, ai o povo vai de uniforme, ai quando e OBRIGATÃ“RIO ir de uniforme fica reclamando"
Dirty horny,+18 shows : Teens Fucking In Front Of A Mirror  #porn #followback #teen #itunes http://t.co/gKpue62yyp
å¯„ç”Ÿç£ãƒãƒ‹ã‚¢,"RT @a_edison10406: ç©¶æ¥µã®3Dãƒ¬ãƒ¼ã‚·ãƒ³ã‚°ã‚²ãƒ¼ãƒ ãŒ
ã‚¢ãƒ—ãƒªã«ï½·ï¾€â”(ï¾Ÿâˆ€ï¾Ÿ)â”!

iOSâ‡’http://t.co/KjLjwvBvbJ

Andâ‡’http://t.co/HBmobZEO6U 

å‹‰å¼·ã‚‚ãƒã‚¤ãƒˆã‚‚ãã£ã¡ã®ã‘ã§
ãƒãƒã‚Šã™ãã¦ãƒ¤ãƒã„ï½—ï½— http:/â€¦"
HashOffPackers,"RT @packers: Former #Packers GM Ron Wolf traded for Brett Favre 23 years ago today. 

Wolf on the trade: http://t.co/jMPpj3EMld http://t.coâ€¦"
nkokon,(ê´‘ê³ ) EBS 2015ë…„ì€ í† ìµ ì™„ì „ ì •ë³µ! ì•¼ê¸ˆì•¼ê¸ˆ ê³µë¶€í•´ í•œ ë²ˆì— í† ìµ ê³ ë“ì  ì •ë³µí•˜ê¸°! ê¸°ì´ˆë¶€í„° ê³ ê¸‰ê¹Œì§€ í•œ ë°©ì— ì¡ì•„ ë“œë¦½ë‹ˆë‹¤! (ì§€ê¸ˆ ìˆ˜ê°•ì‹œ ìµœëŒ€ 74% í• ì¸ëœ ê°€ê²©ì— ìˆ˜ê°• ê°€ëŠ¥) http://t.co/pVWWhDpc4G
Howard Sharpe,@SOTHEYH8ONHIM text me 614-743-5148
ÙÙŠØµÙ„ Ø§Ù„Ø¹Ø¯ÙˆØ§Ù†ÙŠ â“‚,"Ø§Ù„Ù„Ù‡Ù… Ø§ØºÙØ± Ù„ÙŠØŒ ÙˆØ§Ø±Ø­Ù…Ù†ÙŠØŒ ÙˆØ§Ù‡Ø¯Ù†ÙŠØŒ ÙˆØ¹Ø§ÙÙ†ÙŠØŒ ÙˆØ§Ø±Ø²Ù‚Ù†ÙŠ
http://t.co/TQiUPnmlT7"
à¸‹à¸´à¸™à¹€à¸‹à¸µà¸¢à¹€à¸­à¸‡â¥,"RT @BOHHOT: à¸ªà¸¸à¸”à¸—à¹‰à¸²à¸¢à¹à¸¥à¹‰à¸§
à¸„à¸™à¸—à¸µà¹ˆà¹€à¸ªà¸µà¸¢à¸„à¸§à¸²à¸¡à¸£à¸¹à¹‰à¸ªà¸¶à¸à¸¡à¸²à¸à¸—à¸µà¹ˆà¸ªà¸¸à¸”
à¸à¹‡à¸„à¸·à¸­à¸„à¸™à¸—à¸µà¹ˆà¸£à¸¹à¹‰à¸ªà¸¶à¸à¸¡à¸²à¸à¸—à¸µà¹ˆà¸ªà¸¸à¸”
à¹à¸¥à¸°à¸„à¸™à¹†à¸™à¸±à¹‰à¸™à¸à¹‡à¸„à¸·à¸­
à¸à¸¹à¹€à¸­à¸‡à¸ˆà¹‰à¸²à¸­à¸µà¸”à¸­à¸."
ã¡ã„æ±°(Â´ï½¥Ï‰ï½¥ï½€),3.0kmç§»å‹•ã—ã¦ç¦å³¶çœŒ:éƒ¡å±±ã«æ¥ãŸã‚ˆ! #ã—ã‚ãã‚J
à¹€à¸”à¹‡à¸à¸”à¸µà¸ˆà¸£à¸´à¸‡à¸›à¸°ã€°,RT @tongpic: à¹€à¸à¸£à¸”à¹€à¸£à¸´à¹ˆà¸¡à¹€à¸«à¸µà¹‰à¸¢à¸¥à¸‡à¸—à¸¸à¸à¹†à¸à¸²à¸£à¹€à¸ˆà¸£à¸´à¸à¹€à¸•à¸´à¸šà¹‚à¸•à¸‚à¸­à¸‡à¸Šà¸µà¸§à¸´à¸•
NamTae,@INFINTLSJONG pagi hyung
MichaelThomasAngelo,Barnes White Six Shelf Modern Bookcase http://t.co/5spxUFHI15
Anak soleha,Kabor dulu
Sammi beaulieu,AJouter moi sur texte me ! Imboxxer
Citations de Vie,"RT @InsoliteBuzz1: Porto Rico : Le passÃ© sulfureux dâ€™un pasteur refait surface ! Regardez
http://t.co/lSErVXkNbd #scoop http://t.co/GuE7GZtâ€¦"
carloshowes,Tao fÃ¡cil o jogo que nem tem emoÃ§Ã£o dessa vez.
Mark Selma,"casillas merece estar en el banquillo hasta final de temporada , se lo ha ganado a pulso #ChiringuitoCasillas"
Marathong,@Mat_cote @TheCzechKillcam come play
Luke Foley,RT @BrandonWLewis: Great read on what a true #PBL is via @BIEpbl http://t.co/mw0vJu5L6T  #blazerchat #lcblazers
Ahlrich Margram,"RT @hyjidawypen: ã€ä¸­å›½å­¦ç”Ÿã„ã˜ã‚ã€‘
å¥³ã®å­ã®æœã‚’è„±ãŒã›ãƒ“ãƒ³ã‚¿

å…¨è£¸ã«ã—ã¦è‚¡ã‚’é–‹ã‹ã›æ’®å½±

ã‹ã‚ã„ãã†ã«ãƒ»ãƒ»ãƒ»
ä¸­å›½ã®ã„ã˜ã‚ã¯è¡Œãéãã¨ã‚‹ãª
å‹•ç”»â†’http://t.co/TkpS6mfW6B http://t.co/kWmHjPaigu"
Ø§Ù„Ù€Ø³Ù€Ø§Ù…Ù€Ø¬Ù‡,RT @fahhd88: ØµØ¨Ø§Ø­ Ø§Ù„Ø®ÙŠØ± Ø¹Ù„Ù‰ ÙƒÙ„ Ù…ØªØ§Ø¨Ø¹ÙŠÙ†ÙŠ Ø§Ù„Ù„ÙŠ Ø³Ù‡Ø±Ø§Ù† Ù…Ø«Ù„ÙŠ ÙŠØ³ÙˆÙŠ Ø±ÙŠØªÙˆÙŠØª
ä¼Šè—¤ ä½‘æ±°,RT @bakusy0u_gazou: å‹é”ã®åŠ è—¤ãƒŸãƒªãƒ¤ãƒ•ã‚¡ã‚¤ãƒ«ãªã‚“ã‹é•ã† http://t.co/pubQcElleH
paulina espinoza,"NFL Minnesota vs. Pittsburgh, en el SalÃ³n de la Fama:  Los Vikings enfrentarÃ¡n a los Steelers el prÃ³ximo 9 de ... http://t.co/akpHZ7SpHZ"
Brianna,RT @OhMrWonka: Just do it http://t.co/dcp0YuXOCU
.,@JCooksey180 Cba with 5.11 so just give 5.10 gl and gn
Trilla Vanilla ã€½ï¸â„¢,RT @trxpit: the educational systems logic http://t.co/YtPedFXg3B
Lil Daddy Siani â¤ï¸,Rip to that McDonald's ğŸ˜‚ğŸ˜‚
Yami,Muerdo el anzuelo y vuelvo a empezar de nuevo
é’é‡momoyo,"@nyanco78370005 ã‚ã£ã€ãã¡ã‚“ã¨èª­ã‚“ã§ã„ãªãã¦ã”ã‚ã‚“ãªã•ã„(;_:)
OLDCODEXã£ã¦ã€ã©ã“ã‹ã§ãƒšã‚¤ãƒ³ãƒˆã¨éŸ³æ¥½ã‚’åŒæ™‚ã«ãƒ‘ãƒ•ã‚©ãƒ¼ãƒãƒ³ã‚¹ã™ã‚‹ã¨ã„ã†ã®ã‚’è¦‹ã¦æ°—ã«ãªã£ã¦ã„ãŸãªãƒ¼ã¨æ€ã„ã¾ã—ãŸã‚‰ã€éˆ´æœ¨é”å¤®ã•ã‚“ã®ãƒ¦ãƒ‹ãƒƒãƒˆã ã£ãŸã®ã§ã™ã­ãƒ»ãƒ»ï¼ã²ã‚ã‚ã€ã¾ã“ã¡ã‚ƒã‚“(*'Ï‰'*)"
åœ³å”,æ­¤æ¨å·²ç»24å°æ—¶æ²¡æœ‰æ›´æ–°äº†ã€‚ã€‚ RT @asil810: æŠŠçˆ¸çˆ¸é€åˆ°ç™»æœºå£å‡†å¤‡é£é¦™æ¸¯ä¹‹åï¼Œè±†å¹²é™·å…¥äº†æ·±æ·±çš„å¿§è™‘ï¼šå¦ˆå¦ˆï¼Œçˆ¸çˆ¸å…ˆèµ°äº†ï¼Œå°±å’±ä»¬ä¿©äº†ã€‚å¯æ˜¯ä½ åˆä¸å¤ªè®¤è·¯ã€‚ã€‚ã€‚å¦ˆå¦ˆç®€ç›´è¦ä¸€å£é²œè¡€å–·å‡ºæ¥ï¼
MRS MALIK,"\"@h0tlikepayne: Stop @zaynmalik http://t.co/qU1pfIUDzu\"asfdfghjkl xx"
_.._ ~,RT @antonemus: anggap saja yg berantem beneran itu sama dg yg akhirnya pacaran beneran setelah saling kenal di media sosial.
Trey Noe,@MaxwellBrewer http://t.co/rOvA3VBuuR
best demi's outfits.,http://t.co/i2zupVRSsD
Kakshivat Irwin,"Ø¨Ø¬ÙˆØ¯Ø©Ù Ù…ÙØ«Ù„Ù‰ Ù†ÙØªÙÙˆÙ‘Ø¬ Ø£Ø¹Ù…Ø§Ù„Ùƒ Ø¹Ù„Ù‰ Ø´Ø¨ÙƒØ©Ù Ø§Ù„Ø¥Ù†ØªØ±Ù†Øª .. #Ø§Ø­Ù…Ø¯
 http://t.co/Z94Kkfh1fa http://t.co/NQorSealst"
Don AlimaÃ±a,"Se acaba la liga postobon y nacional deja de ganar.
Coincidencia?"
ã®ã™ã‘,æ± è¢‹ã«ã‚¹ã‚¿ãƒ¼ã‚¸ãƒ£ãƒ³ãŒãã‚‹â€¦ã ã¨(ã¬Î¸ã¬)ï¼Ÿ
æœ¨ä¸‹é›…è²´,"RT @baxehatalyzo: ã€é–²è¦§æ³¨æ„ã€‘æœ€è¿‘ã®å¥³å­é«˜ç”Ÿã®ã„ã˜ã‚æ˜ åƒæ€–ã™ãã ã‚ãƒ»ãƒ»ãƒ»

æœ€è¿‘ã®JKã£ã¦æ€§çš„ãªã„ã˜ã‚ã‚‚ã™ã‚“ã®ã‹ã‚ˆãƒ»ãƒ»ãƒ»
ãƒã‚¸ã“ãˆãƒ¼ãªï½—

å¥³å­ã¯è¦‹ãªã„æ–¹ãŒã„ã„ã‹ã‚‚ãƒ»ãƒ»ãƒ»
å‹•ç”»â‡’http://t.co/tWnW2TOfGb http://t.co/qxKr9câ€¦"
Thayna,RT @whatevenisa: toca raul!!!!!
JuggManJu,While you was outside she sucked my duck while lookin thru blinds ğŸ˜‚â˜ï¸ğŸ‘€
Bas Eickhout,RT @ChassNews: Oops... We bump into @yanisvaroufakis on our way out Eurogroup pdt's presser #greece http://t.co/9R81bTaXsT
Ø§Ù„Ø¹Ù†ÙˆØ¯,Ù‚Ø§Ù„ Ø§Ù„Ù†Ø¨ÙŠ ï·º(Ù…Ø§ Ù…Ù† Ø§Ù„Ù†Ø§Ø³ Ù…Ù† Ù…Ø³Ù„Ù… ÙŠØªÙˆÙÙ‰ Ù„Ù‡ Ø«Ù„Ø§Ø« Ù„Ù… ÙŠØ¨Ù„ØºÙˆØ§ Ø§Ù„Ø­Ù†Ø« Ø¥Ù„Ø§ Ø£Ø¯Ø®Ù„Ù‡ Ø§Ù„Ù„Ù‡ Ø§Ù„Ø¬Ù†Ø© Ø¨ÙØ¶Ù„ Ø±Ø­Ù…ØªÙ‡ Ø¥ÙŠØ§Ù‡Ù…) ØµØ­ÙŠØ­ Ø§Ù„Ø¨Ø®Ø§Ø±ÙŠ http://t.co/SHKkujLIf8
SKE48æ¾äº•ç²å¥ˆï¼ JK2,é‚ã«æ’®ã‚‰ã‚ŒãŸï¼æ¾æœ¬æ½¤ã¨äº•ä¸ŠçœŸå¤®ãŒè¶…å³æˆ’ãƒ‡ãƒ¼ãƒˆç¾å ´ï¼ã‚„ã£ã±ã‚ŠäºŒäººã¯ç†±æ„›é–¢ä¿‚ã‹... http://t.co/3dL6ohuPqk
saad,Ù„Ø§Ø­ÙˆÙ„ ÙˆÙ„Ø§ Ù‚ÙˆØ© Ø§Ù„Ø§ Ø¨Ø§Ù„Ù„Ù‡ - ÙƒÙ†Ø² Ù…Ù† ÙƒÙ†ÙˆØ² Ø§Ù„Ø¬Ù†Ù‡ http://t.co/Vw2aLoIXxo
Ann Patros,HOW DO I OPEN THE HOOD OF MY JEEP FML
AARON PLS BE MY 2/12,"GO WATCH #AaronWouldYouRather 

ğŸ‘‰http://t.co/JlX6MgqFUu  ğŸ‘ˆ
 
#AaronsNewVideo 

ğŸ’¥LIKE AND SUBSCRIBEğŸ’¥ 

ğŸ€PLS FOLLOW ME @AaronCarpenter ğŸ€ 86"
Blake Smith,@IBrettDavis_ ain't even funny man ğŸ˜‚ğŸ˜‚
IaĞ¸,"@lucasacosta111 aa no seas gil , hablame vos pariente que es un viaje buscarte por el chat"
GamerMFA,"GALERA BORA LA VER O VIDEO NOVO QUE TA MAIS LOKO QUE TODDYNHO GELADO NO AMAPÃ!!! http://t.co/B58VxUEpUR

#RT E FAVORITO PRA FORTALECER â™¥"
passion flower,RT @KLSouth: @Darnell  Your so called facts are 100% wrong. The internet is not classified as a 'utility'. The progressives have won you ovâ€¦
clay,@HARASH0WN3D TRU
á«á¯â……á¯,RT @reIatabIe: I love her so much http://t.co/1iWqmufSYE
a n t.,empire tonight ğŸ‘ğŸ™Œ
mayusatoko42,@gin4747 ãƒ—ãƒªãƒ‘ãƒ©ãƒãƒãƒ¼ã‚¸ãƒ£ãƒ¼ãŒç·‘ã‚¦ã‚µã‚®ã§ã™ã€‚è‰¯ã‘ã‚Œã°ãƒ•ã‚©ãƒ­ãƒ¼ã•ã›ã¦ã‚‚ã‚‰ã£ã¦ã‚‚ã„ã„ã§ã™ã‹ï¼Ÿæƒã£ã¦ãªã„éå»ã®ã‚¢ã‚¤ãƒ†ãƒ ã¨ã‹äº¤æ›ã§ãã‚Œã°å¬‰ã—ã„ã§ã™ã€‚å®œã—ããŠé¡˜ã„ã—ã¾ã™â™ª
allthegoss,Suge Knight: Ambushed by Gunmen Prior to Hit and Run? http://t.co/e12O5Na92X
ã•ã„ã¨ã†,"RT @xyqepuxoqyb: ã€å­¦æ ¡ãƒ»ä¼šç¤¾é–²è¦§æ³¨æ„ã€‘å¦¹ã«è‡ªæ…°è¡Œç‚ºã‚’æ‰‹ä¼ã£ã¦ã‚‚ã‚‰ã†ã‚¨ãƒƒãƒ­ã„æ¼«ç”»ãŒãã†ã—ã“ï½—ï½—ï½—ï½—

å¦¹ãŒæ¬²ã—ã„ã¨æŒã£ã¦ãŸã‘ã©ã€ã“ã‚Œã“ãç©¶æ¥µï¼ï¼
ã¾ã•ã«å…„å¦¹æ„›â™¡

ç„¡æ–™ãƒãƒ³ã‚¬ãƒªãƒ³ã‚¯è²¼ã£ã¨ãâ†’ http://t.co/JQ0q1jbLQU http://t.co/â€¦"
El Cero Sin Amigos,"RT @Z_o_d_i_a_c_o: Les presento mi nueva pagina de facebook

espero les guste y me regalen un \"MeGusta\"
â™ˆâ™‰â™Šâ™‹â™Œâ™â™â™â™â™‘â™’â™“
http://t.co/U0qwqjPapYâ€¦"
Obi Jites,"even if he has was given d questions days b4 d debate,he wudnt attend bcus he dosnt wants to show his level of illiteracy.so bad #GEJ4Naija"
quEEn,RT @lexxmurph: the boredom is so real
Carla ximena mederos,"RT @vive100mx: â€”Hoy cumples 18 aÃ±os hijo WTF.

â€”MamÃ¡, Â¿si sabes que significa â€œWTFâ€?

â€”Obvio, es â€œWow, Te Felicitoâ€."
_TightAndBright_,"RT @UpdatesOfSummer: Nothing more to say.. ğŸ˜‚ğŸ˜
Except maybe that Ashton is a god
-AmÃ© http://t.co/tnGStmYbtD"
mai,oie
æ¸…æ°´ ç€›,@hitmumin ãƒªãƒ¼ãƒ–21
ã‹ã‚€ã‚“ã,@kahaluun2 ãŠã¯ã‚ˆã†ğŸ˜„ğŸ‘Š
Gregori.,"RT @Jarbinrojas: Porque fallÃ³ el penal en 2011 :( RT @FutVenEnNumeros: Franklin Lucena no anotaba con la Vinotinto desde el 2008. 
Colombiaâ€¦"
Stephanie Escobar,RT @Nashgrier: . @NashsCuddles You better wear em when I see you!
âœ‹,RT @Buraaak: Les SMS la journÃ©e Ã§a n'a rien avoir avec les SMS tard le soir. ğŸ‘Œ
katsukatsu,"äººè³ªã«ã•ã‚Œã¦æ”¿æ²»çš„ã«ä½¿ã‚ã‚Œã€å›½éš›å•é¡Œã«ç™ºå±•ã—ç¬¬ä¸‰å›½ãŒæ”¿æ²»ä¸å®‰å®šã€è»¢è¦†ã«ã§ã‚‚ãªã£ãŸã‚‰ã€è‡ªå·±è²¬ä»»ã§æ¸ˆã‚€ã®ã ã‚ã†ã‹ã€‚

è„…ã‹ã•ã‚Œã¦ã„ã‚‹ã®ã¯æ‰æœ¬ç¥ä¸€ã•ã‚“ã®æ¨©åˆ©ã ã‘ã§ã¯ãªãã€äººã€…ã®ç”Ÿå‘½ã‚„è²¡ç”£ï¼å¤–å‹™çœã«ã‚ˆã‚‹æ—…åˆ¸å¼·åˆ¶è¿”ç´(å¿—è‘‰ç²) - Y!ãƒ‹ãƒ¥ãƒ¼ã‚¹ http://t.co/6OUlhKNQd4"
â€  Meendes â€ ,"@lucas_lira QUANDO TU ENTRA NO REDTUBE OQUE TU COLOCA EM PESQUISAR ?HU3H3UH3U #inventonahora3anos BLUMENAU - SC â™¥ GABRIEL MENDES ,.,."
ju,RT @ConnorFranta: New Video - First Dates: http://t.co/CcZ3liAaTt
ã€ãƒ¢ãƒ³ã‚¹ãƒˆã€‘æœ€æ–°æƒ…å ±,"RT @Eeauewiveqeli: ãŠå‰ã‚‰ã¾ã xvideosã¨ã‹è¦‹ã¦ã‚‹ã®ï¼Ÿ

ã‚ªã€‡ãƒ‹ãƒ¼ã¨ã‹ãƒ€ã‚µã™ãï½—ï½—

â˜›â˜›ã€€http://t.co/VKg4VfEtDsã€€â˜šâ˜š

ã“ã‚Œã§æ°—ã«å…¥ã£ãŸå¥³ã®å­ã«
é€£çµ¡ã—ã¦ã‚¨ã€‡ãƒâ™¥ã™ã‚‹ã ã‘ï½—ï½—

å¥³ã®å­ã«ã‚ªãƒŠãƒ‹ãƒ¼ã•ã›ãŸæ–¹ãŒ
æ¥½ã—ã„ãï½—ï½— http:â€¦"
DJ,"RT @Dat_bk_ni99a: #RICHGANG rap artist \"StarshipGod\" reveals how BIRDMAN fucked him in the ass for the deal
follow his ig @starshipgod"
*    n.h,Arm tickles though
Nacho,No puedo estar mas aburrido
#JuliiDomini,"RT @Z_o_d_i_a_c_o: #PISCIS: si no te valoran, te duele pero no te importa,sabes que salen oportunidades buenas cada dÃ­a.Y mÃ¡s a ti.Te cuestâ€¦"
insecure step dad,@DaveWeir23 man I can't stand soupys voice. Respect for the ez roots but man..
Colette van der Wal,Het heeft iets kinderachtigs dat we met z'n allen zo over de top kakelen over #50ShadesOfGrey. Ik haak af.
PLEASE NASHâœ¨,RT @Nashgrier: . @NashsCuddles You better wear em when I see you!
Ä°yi Tweet'e Dair...,"RT @lolmarley: demek senle sÄ±cak bi ÅŸeyler iÃ§mek istiyorum diyemiyorsun da \"hava Ã§ok soÄŸuk\" deyip ima ediyorsun ha :) tamam sus ben herÅŸeyiâ€¦"
taiâ‹†*à³ƒ,@rkvato aulas de portuguÃªs sÃ³ vai dar nÃ³s acertando tudo rsrsrsrs
Natalie,RT @FoxDreamz: â€œ@Faison_Amour87: Marley twists or faux locs?â€ LOCS! im getting them too â˜ºï¸
Amazing Wizard,Raising money for Africa medical care Come to our audition Feb 20 for a shot to perform in our talent benefit http://t.co/GUuN4yG4hr
berita Indonesia,Uji Coba Terakhir Persib: Uji Racikan Strategi Indra Sjafri: Persib akan hadapi Bali United Pusam pada hari Mi... http://t.co/l2z0Ffs2xl
mila,RT @jamesmaslow: Behind scenes sneak peak at an upcoming mini series I created called #BeRightBack. @meredithaparks @newmediarockstars httpâ€¦
25stanley,I added a video to a @YouTube playlist http://t.co/B3QFzDeCyc Sumo Bubble Soccer
Thalya Medeiros,RT @GustavoPMioto: Por favor ... Meus anjos q Deus enviou ... Vcs podem explicar o que seria PVI ????
Ann,"People think I'm jealous, I'd be jealous if that was a mustang. But it ain't. ğŸ˜ŒğŸ‘‹"
çš†ã®RTã«å”åŠ›ã—ã¾ã™,"RT @hyjidawypen: ã€ä¸­å›½å­¦ç”Ÿã„ã˜ã‚ã€‘
å¥³ã®å­ã®æœã‚’è„±ãŒã›ãƒ“ãƒ³ã‚¿

å…¨è£¸ã«ã—ã¦è‚¡ã‚’é–‹ã‹ã›æ’®å½±

ã‹ã‚ã„ãã†ã«ãƒ»ãƒ»ãƒ»
ä¸­å›½ã®ã„ã˜ã‚ã¯è¡Œãéãã¨ã‚‹ãª
å‹•ç”»â†’http://t.co/TkpS6mfW6B http://t.co/kWmHjPaigu"
Lucas Rojas ÏŸ,"Voltou, ele voltou, o #BigFollow voltou: http://t.co/HTd7lx4Yoo"
ãƒã‚¸ãƒƒã‚¯è²å­ã•ã‚“,"RT @xyqepuxoqyb: ã€å­¦æ ¡ãƒ»ä¼šç¤¾é–²è¦§æ³¨æ„ã€‘å¦¹ã«è‡ªæ…°è¡Œç‚ºã‚’æ‰‹ä¼ã£ã¦ã‚‚ã‚‰ã†ã‚¨ãƒƒãƒ­ã„æ¼«ç”»ãŒãã†ã—ã“ï½—ï½—ï½—ï½—

å¦¹ãŒæ¬²ã—ã„ã¨æŒã£ã¦ãŸã‘ã©ã€ã“ã‚Œã“ãç©¶æ¥µï¼ï¼
ã¾ã•ã«å…„å¦¹æ„›â™¡

ç„¡æ–™ãƒãƒ³ã‚¬ãƒªãƒ³ã‚¯è²¼ã£ã¨ãâ†’ http://t.co/JQ0q1jbLQU http://t.co/â€¦"
stereo ã€½,@lastwhore kkkkkk
Kyra Braaten,@madiericksonn Um what ğŸ˜§
ã¬ã“ã¬ã“,"RT @wolitacupefi: ã€é–²è¦§æ³¨æ„ã€‘æœ€è¿‘ã®å¥³å­é«˜ç”Ÿã®ã„ã˜ã‚æ˜ åƒæ€–ã™ãã ã‚ãƒ»ãƒ»ãƒ»

æœ€è¿‘ã®JKã£ã¦æ€§çš„ãªã„ã˜ã‚ã‚‚ã™ã‚“ã®ã‹ã‚ˆãƒ»ãƒ»ãƒ»
ãƒã‚¸ã“ãˆãƒ¼ãªï½—

å¥³å­ã¯è¦‹ãªã„æ–¹ãŒã„ã„ã‹ã‚‚ãƒ»ãƒ»ãƒ»
å‹•ç”»â‡’http://t.co/6Y4ReFm6EU http://t.co/LF3DQMâ€¦"
é‡‘å­ç¿”å¤ª,"RT @xyqepuxoqyb: ã€å­¦æ ¡ãƒ»ä¼šç¤¾é–²è¦§æ³¨æ„ã€‘å¦¹ã«è‡ªæ…°è¡Œç‚ºã‚’æ‰‹ä¼ã£ã¦ã‚‚ã‚‰ã†ã‚¨ãƒƒãƒ­ã„æ¼«ç”»ãŒãã†ã—ã“ï½—ï½—ï½—ï½—

å¦¹ãŒæ¬²ã—ã„ã¨æŒã£ã¦ãŸã‘ã©ã€ã“ã‚Œã“ãç©¶æ¥µï¼ï¼
ã¾ã•ã«å…„å¦¹æ„›â™¡

ç„¡æ–™ãƒãƒ³ã‚¬ãƒªãƒ³ã‚¯è²¼ã£ã¨ãâ†’ http://t.co/JQ0q1jbLQU http://t.co/â€¦"
Sophia Fresh Fans,"Sophia Fresh with @crystaltamar at the @TheSwishaHouse Reunion  http://t.co/RLiqcUDGrv
  #cameo"
The Best,RT @LearnSomethlng: This jump http://t.co/IK7DtSDKoC
MomoAlsayedâ„¢,@jimmyxlou lmaooo im sick bro
licha serenelli,RT @fedemancuello: Saliendo de entrenar..! Falta cada vez menos... Vamos rojo âš½ï¸âš½ï¸ğŸ‘¹ğŸ‘ @francispizzi7 http://t.co/bnfRApxjKh
Angela,To achieve anything in life you got to trust that there is some power that supports your success. Without that... http://t.co/yr5tuBq8Tb
Lil A from Southeast,"â€œ@xxvsh0: â€œ@aireuhl_: ash fake afâ€ WUT I DOâ€ \"ill facetime you when i get off the bus\" LMFAO BITCH"
Gabriel Pensante,campeonato mineiro tirando o clÃ¡ssico da uma preguiÃ§a eterna de ver!
Situation . . .,RT @KillaMeer: â€œ@TyDaProblem: ğŸ‘€ğŸ‘€ğŸ˜ˆğŸ˜ˆ Turn Uhh #FMUHomecoming2k15 http://t.co/UpRgTwCTzXâ€ğŸ”¥ğŸ”¥ğŸ”¥
Sierra,RT @ajam: American Sniper: Two veterans argue it out http://t.co/tLfT2D8F0v
PC Gaming is Alive!,GDC 2015 To Feature Early Nebulous Demo: VRFocus- Next months Game Developers Conference (GDC) will see... http://t.co/BLdjC235Qt #PCGiA
ç§ã¯â™¥ï¸,"äººã®ãƒ„ã‚¤ãƒ¼ãƒˆã®ã„ã„ã¨ã“ã‚ã ã‘ã‚’ã‹ã£ã•ã‚‰ã„ã€
è‡ªåˆ†ã®ãƒªãƒ„ã‚¤ãƒ¼ãƒˆæ•°ã«åæ˜ ã•ã›ã‚‹ãŸã‚ã«ã›ã£ã›ã¨ã¤ã¶ã‚„ã
ãªã‚“ã¨æ„šã‹ãªã“ã¨ã ã‚ã†ã€‚"
Victoria Camacho,"\"@KevinGordon24: So excited to see what I'm gonna get myself for Valentine's Day\""
Bruna,@bellaxavier_ eu jÃ¡ tenho prova :/
ï£¿å€Ÿä¸ªèƒ–â„¢,@luzhaohui @winniezhuzhu @Bensaying iPadç”µå®¹å±åšç¬”è®°éƒ½ä¸€èˆ¬
æ± ç”°è¼æ”¿,å˜‰æ˜ã¨æ§ã®ç¨½å¤ã‚’ã—ã¦ã„ãŸã‚‰ã€é€šã‚ŠãŒã‹ã£ãŸæ®¿ã«åœ°å‘³ãªçµµé¢ã ã¨ç¬‘ã‚ã‚ŒãŸâ€¦ã€‚ãã£â€¦ä¿ºãŸã¡ãŒæ°—ã«ã—ã¦ã„ã‚‹ã“ã¨ã‚’â€¦
Kylee Vermillion,I'm not ready for this shift right now
CIP LARRRY & RAMCO,RT @thejuelzsantana: Riding round Putting these plays 2gether
PfÃ¶tchen HÃ¼ndchen,duuude like... paws dude
ÏÑÎ¹Ğ¸Â¢Ñ”Ñ•Ñ• Î±Ñ•Î¹Î± âœ¨,"RT @TrapicalGod: i like when texting someone becomes a routine, like it's not normal if you don't talk all day"
bego naharro,madreee que la rosario se nos duerme jajajajaj
abby garrett,"so in love with the latest image released from @joshuaeskridge, so much talent was evenly contributedâ€¦ http://t.co/VLEfebG0oA"
NicolÃ¡s,"RT @Z_o_d_i_a_c_o: #ESCORPIO: siempre tienes el control. La gente que te rodea te admira, porque saben que serÃ¡s grande y que harÃ¡s cosas gâ€¦"
Adam Smithers,Ok I don't even know why my Ft call isn't being answered
D..,RT @FAMOUSDUN: Oomf really my whole fucking heartğŸŒâ¤ğŸ™ˆ.. That's my babyğŸ˜ &amp; ain't nobody messing w/that ğŸ˜ŒğŸ’œ .. That's my mines till forever &amp; tâ€¦
Wiggys Mall,"Advanced camera controls, with frustrating features: Despite some confusing controls, ProShot takes great shot... http://t.co/gGfCib8yhT"
Joe Cuddy MBE,RT @Matt_Dominguez: Glad to be fighting animal abuse perpetrated #factoryfarmers! http://t.co/VszLn06Dj1
Toni Marie,RT @noahfromthepack: Bruh Why my chocolate milk look so suspicious http://t.co/9Uj1CUwXmb
Marinha âš“,RT @MaiaaPedro: Fla-men-go fiu fiu fiu
rob Clifford,"RT @MensHumor: Thanks, Kanye... http://t.co/bgvv0mBBYa"
(â—£_â—¢)Darksoul(â—£_â—¢),RT @AlfaBetaJuega: Â¿Quieres desbloquar los #logros y #trofeos de THIEF? No te pierdas maÃ±ana nuestra VÃDEO-GUÃA http://t.co/o0J74dF8ep httpâ€¦
Bakma bana Ã¶yle..,"RT @lolmarley: demek senle sÄ±cak bi ÅŸeyler iÃ§mek istiyorum diyemiyorsun da \"hava Ã§ok soÄŸuk\" deyip ima ediyorsun ha :) tamam sus ben herÅŸeyiâ€¦"
herbert mora newman,Movimiento estudiantil de la FCU marcha este 12 de febrero via @noticiaaldia http://t.co/QIohwsKPru
BOB NEVER FOLLOW ME,RT @ThomasMcDonell: Rest in peace King Abdullah
Ø¹Ù„ÙŠ ÙƒØ±ÙŠØ±ÙŠ,RT @MonaabdElwhapa: @sultan050777701 @ALOtaibiMonerah @LamaAlshehri_ @bentalagedh73 @fofaalmz @AmanyZidan73 @m7arah1 @FatymaMarzany http://â€¦
Rachael Moon,"If all the guys you used to mess with say they should've listened to their family when asked about you, you should be ashamed of yourself."
Loading.......,Bible study litt tonight ? Lol
Meagan,"RT @antijokeapple: \"so how are things?\"

me: please don't make me think about my life"
Awai Rehal,@SBS_MTV é„°å·–è“ #ë¦¬ì§€ ç‹ æ²’å¯’å…­å„å· #ì‰¬ìš´_ì—¬ì_ì•„ë‹ˆì—ìš” ä¸­å±ä¸åŒ•ä¹
Nuortube,"Ø§Ù„Ù„Ù‡Ù… Ø¥Ù†ÙŠ Ø£Ø³Ø£Ù„Ùƒ Ø§Ù„Ø¬Ù†Ø© ÙˆØ£Ø³ØªØ¬ÙŠØ± Ø¨Ùƒ Ù…Ù† Ø§Ù„Ù†Ø§Ø±(Ø«Ù„Ø§Ø« Ù…Ø±Ø§Øª)
http://t.co/OLOCGqRErj"
shin chan,@ftinnajwaa hii
R&nda,RT @McM3gan: Boys are weird
æ†,"RT @xyqepuxoqyb: ã€å­¦æ ¡ãƒ»ä¼šç¤¾é–²è¦§æ³¨æ„ã€‘å¦¹ã«è‡ªæ…°è¡Œç‚ºã‚’æ‰‹ä¼ã£ã¦ã‚‚ã‚‰ã†ã‚¨ãƒƒãƒ­ã„æ¼«ç”»ãŒãã†ã—ã“ï½—ï½—ï½—ï½—

å¦¹ãŒæ¬²ã—ã„ã¨æŒã£ã¦ãŸã‘ã©ã€ã“ã‚Œã“ãç©¶æ¥µï¼ï¼
ã¾ã•ã«å…„å¦¹æ„›â™¡

ç„¡æ–™ãƒãƒ³ã‚¬ãƒªãƒ³ã‚¯è²¼ã£ã¨ãâ†’ http://t.co/JQ0q1jbLQU http://t.co/â€¦"
Jacob Starks,"@WhitneyKimia how many \"Gurrrrrl you can eat the skin off my potatoes anytime!\" DM's have you got so far? Lol"
Samuel,MONK LIFE
xofana,"RT @SCCPoTimedoPovo: NÃƒO PARA, NÃƒO PARA, NÃƒO PARA VAI PRA CIMA TIMÃƒO !"
ã‚‹ã±ã‚“4ä¸–,"RT @wolitacupefi: ã€é–²è¦§æ³¨æ„ã€‘æœ€è¿‘ã®å¥³å­é«˜ç”Ÿã®ã„ã˜ã‚æ˜ åƒæ€–ã™ãã ã‚ãƒ»ãƒ»ãƒ»

æœ€è¿‘ã®JKã£ã¦æ€§çš„ãªã„ã˜ã‚ã‚‚ã™ã‚“ã®ã‹ã‚ˆãƒ»ãƒ»ãƒ»
ãƒã‚¸ã“ãˆãƒ¼ãªï½—

å¥³å­ã¯è¦‹ãªã„æ–¹ãŒã„ã„ã‹ã‚‚ãƒ»ãƒ»ãƒ»
å‹•ç”»â‡’http://t.co/6Y4ReFm6EU http://t.co/LF3DQMâ€¦"
TrafficDotMy,RT: #shell #traffic 0818 SPRINT: Stalled Bus on the Left Lane at KM6.5 from Jln Maarof towards the Kiara... http://t.co/Mgg5T6czYJ
çµ‚å¤ª,@pericoo ï¼•Bã®æ‘äº•ã®å¸½å­æŠ•ã’æ¨ã¦ã‚‹ã¨ã“å¥½ããªã‚“ã 
PELEIA FC,Em andamento - Cruzeiro 0x0 Inter #GauchÃ£o
Andree B.,RT @TodoMensajes: JamÃ¡s permitas que tu orgullo acabe con tu felicidad.
Alâ“‚ï¸ightyTra,RT @Cono__Mojado: @ThatNigga_Tra omg here you go again!!  please dont get me started ğŸ’ª
ãƒ¯ãƒ­ã‚¹ã®é¡,"RT @VIVA_Deaikei: å¥³ã®å­ãŒã¨ã«ã‹ãå¤šã„
å„ªè‰¯æ‹æ„›ã‚³ãƒŸãƒ¥ãƒ‹ãƒ†ã‚£ãƒãƒƒãƒ”ãƒ¼ãƒ¡ãƒ¼ãƒ«â™ª
http://t.co/ciwQFSRpq5
ã‹ãªã‚Šã®é«˜ç¢ºç‡ã§å‡ºä¼šãˆã¾ã™â™ª
ã¾ãšã¯ç„¡æ–™ç™»éŒ²ã—ã¦ã¿ã¦ã­?â™ª http://t.co/ajNj41pXbz"
ereneo,RT @theognigga: Watch out for my sister she's gonna kill the fucking game.ğŸ”¥ http://t.co/vp3fOMviKw
$â™¡Fâ™€| ì™€í”¼,RT @theseoulstory: Yang Hyun Suk officially announces April comeback for Big Bang! http://t.co/w5KoqecAd7 http://t.co/tnUJjho8sb
Maria Giulia,#inventonahora3anos Lucas manda um bj :c to quase dormindo aki
SHISSOUI LE MIRAGE,Wallah j'aime bien les rageux ils me donnent leur hassantte continuer sa paye
bir inebolu evladÄ±,Bu griple yapabilcegim en iyi ÅŸey zaten kitap okumak.
RackEm'Smooth,Niggas get mad when they ask what I'm charging
Kristin,@peachfarts YOU'RE WELCOME LOL WE NEED TO CHILL SOON LIKE FOR REALZ
cheryn â™¡Inevitableâ™¡,Que bomba!!??? O:
Tianna Flowers,"RT @The1DRepxblic: FOLLOW ME FOR 85 FREE FOLLOWSâ¤ 

RT WHEN DONE"
LadyxSin,RT @KG_MisterxSin: @OpTic_MBoZe @Reckless_KarnFx #WhyImNotSingle @KG_LadyxSin &lt;3 http://t.co/wWqMHMj40B
Ù„Ø£Ø¬Ù„Ùƒ ÙˆØ§Ù„Ø¯ÙŠ,"(Ù‚Ù„ Ø£ÙˆØ­ÙŠ Ø¥Ù„ÙŠ Ø£Ù†Ù‡ Ø§Ø³ØªÙ…Ø¹ Ù†ÙØ± Ù…Ù† Ø§Ù„Ø¬Ù† ÙÙ‚Ø§Ù„ÙˆØ§ Ø¥Ù†Ø§ Ø³Ù…Ø¹Ù†Ø§ Ù‚Ø±Ø¢Ù†Ø§ Ø¹Ø¬Ø¨Ø§) [Ø§Ù„Ø¬Ù†:1]
http://t.co/gpWccZuMee
 #ØºØ±Ø¯_Ø¢ÙŠØ§Øª_Ø§Ù„Ù„Ù‡
 #ØªØ·Ø¨ÙŠÙ‚_Ù‚Ø±Ø¢Ù†Ù‰"
ErtuÄŸrul Tulpar,@CHIKULATA @Dogrucusirinnn ertuÄŸrul tulpar istanbul ak parti milletvekili aday adayÄ± http://t.co/7Wjtm3LYs0 â€¦  ve http://t.co/LKs4b9inwE
Hailey Brooker,@AcaciaBrinley @megidorable grow up. Seriously.
softwarerecs News,RT @uta_604: This Rottweiler had puppies with a Yorkie...and you'll never BELIEVE how cute http://t.co/g0sXjlHevp http://t.co/xmRVYSFwvG
Paulo H.âœŒ,Amo Fav errado  ğŸ’”ğŸ‘
ã“ãŸãã‚ã‚„ã™ã‘,"@kansai25433 
ã›ã‚„ãªwww"
RYOBO230r,@_MissMonochrome ã¯ã„ã€ãã†ã§ã—ã‚‡ã†ã­ã€ãƒŸã‚¹ãƒ»ãƒ¢ãƒã‚¯ãƒ­ãƒ¼ãƒ ã•ã‚“ã€‚
LOOKRON,Some things aren't juss meant to be.
Maria Putri,Hay  @ade_setiono13 Video Anggota JKT48 Lagi Mandi =&gt; http://t.co/zqkt85Z1bP
em processo,RT @BuzzFeed: 10 Times Reporters Asked Female Celebrities The Wrong Damn Question http://t.co/IXrWAWGSL6 http://t.co/wIMx25xq9h
æ—¥æœ¬ã®ç™½ãƒã‚¤éšŠ,"äº¤æ©ŸéšŠã€€ç‰¹ç·´ç™½ãƒã‚¤æ…£ç†Ÿèµ°è¡Œ

http://t.co/zEPybAPmpL @YouTubeã•ã‚“ã‹ã‚‰"
A-ROD. DADDY,I liked a @YouTube video from @galoucura__usa http://t.co/EZrE6jTJjg JFK deicing delivery
iris,h i j k l m n o p
Ø§Ù„Ø­Ø± Ø§Ù„Ù‚Ø·Ø§Ù…ÙŠ,"RT @LilaPott6497: â™¥ Ø¹Ø§Ø¬Ù„

âœ… Ø§Ù„ØªÙˆÙŠØªØ± Ø§Ø·Ù„Ù‚ Ø§Ù„ÙŠÙˆÙ… Ø®Ø¯Ù…Ù‡ Ù…Ù…ÙŠØ²Ø© ÙˆÙ‡ÙŠ Ù…Ø¹Ø±ÙØ© Ù…Ù† Ø²Ø§Ø± Ø­Ø³Ø§Ø¨Ùƒ

ğŸ’™ ØªÙØ¶Ù„ Ø¨Ø§Ù„Ø§Ø´ØªØ±Ø§Ùƒ

http://t.co/7r29Z2soyu

ğŸ’š Ø³ÙˆÙŠ Ø±ØªÙˆÙŠØª Ù„ÙŠØ³â€¦"
y_jsn,ÙŠØ§ Ø­Ù‰ ÙŠØ§ Ù‚ÙŠÙˆÙ… Ø¨Ø±Ø­Ù…ØªÙƒÙ Ø§Ø³ØªØºÙŠØ«ØŒ Ø§ØµÙ„Ø­ Ù„Ù‰ Ø´Ø£Ù†Ù‰ ÙƒÙÙ„ÙÙ‡ ÙˆÙ„Ø§ ØªÙÙƒÙÙ„Ù†Ù‰ Ø¥Ù„Ù‰ Ù†ÙØ³ÙŠ Ø·Ø±ÙØ© Ø¹ÙŠÙ† http://t.co/JPJsDZRWPa
RÃ¡dio Talent,RT @Nathalia_Kelen: Chat dos Fandoms â¤  #VemProChatDosFandoms @radiotalentbr http://t.co/1hukHWb7gz
Jay,@omlcube  ok http://t.co/iTbmwMbn9k
Muh.joefrie A.B,"RT @kata2bijak: Bersyukurlah jika anda mendapatkan cobaan atau masalah. Karena ketika anda mendapatkan cobaan atau masalah, anda akan terinâ€¦"
Caio RodriguesÂ®,"RT @maconhalizado: VocÃª encara a pessoa, ela te encara de volta e vocÃª
pensa: OOOOOOOOOOOOOOOOOOOOOOOOOOOOOOOOOOOOOOOOOOOOOOOOOPPPPPPPPPPPPâ€¦"
Vire,"Soooo...You and Mileena... â€” \"She's an elitist snob.\" http://t.co/hFVYAQ4vZO"
â€¢j.câ€¢,RT @JakeFoushee: #GrierAndFousheeNews coming soon
Harbiden Odun,"RT @lolmarley: demek senle sÄ±cak bi ÅŸeyler iÃ§mek istiyorum diyemiyorsun da \"hava Ã§ok soÄŸuk\" deyip ima ediyorsun ha :) tamam sus ben herÅŸeyiâ€¦"
ã«ã—ã ãªãŠ,"@MileyKellyKaty ã°ã‹ğŸ˜€ç¬‘
æ—¥æœ¬å²ã ã‚ˆã­ã‚€ã„"
MuhammadRosidAllatif,Trending topik dipagi hari
linex,RT @camilacabello97: IM GOING TO BE 18 IN LESS THAN A MONTH!!!!
Stepinac Drama Club,Thanks to the over 70 people who auditioned for the national HS premiere of Billy Elliot! Callback list will be posted on Facebook on Fri.
Jane Bunker,RT @cavecanempoets: Your manuscript is ready. Submit to the @cavecanempoets prize by 3/9 w/Nikky Finney as judge: http://t.co/D9Puaqorle htâ€¦
John Pratt,RT @alegriaboulange: @Jackthelad1947 @Pcamachobotero horrific tragedy and migrant workers are treated as expendable all over the world. Humâ€¦
Savyâ˜”ï¸,@icantkickflip I went to the chan maybe 3 times in my life but thx :-)
å¥¥è¯å­ï¼ ç›¸äº’ãƒ•ã‚©ãƒ­ãƒ¼,ä»Šã¾ã§å™‚ã•ã‚ŒãŸçŸ¥å¿µä¾‘æã®å½¼å¥³å€™è£œã‚’ã¾ã¨ã‚ã¦æ¤œè¨¼ã—ã¦ã¿ãŸï½—ï½—ï½— http://t.co/VNeNmAUphM
barganews,"http://t.co/m584UXElIm
melting snow ballet in Tuscany Italy 60 seconds of poetry in action as the thaw arrives http://t.co/ACXB3xNzWX"
Charles Bernardes,Trabalhando por Meio de Instrumentos Humildes :: Charles-Odilon-Bernardes http://t.co/1NdS8SRHdn via @webnode
*ãªã£ã´ãƒ¼* ã‚¢ã‚¤ã‚³ãƒ³å¤‰æ›´,"@arsper5nk æˆåŠŸã—ãŸã‚ˆï¼
åå¤å±‹å¤±æ•—ã—ãŸã®ï¼Ÿ
ã§ã‚‚ã€ã‚ã‚Œé›£ã—ã‹ã£ãŸã‚ˆã­www"
Ø³ÙÙˆØ§Ø± â€,"@yrh2012 @y211_alam @sssooosss10 @222noonh @moojh21 
ØªÙƒÙ„Ù…ÙˆÙ† Ù…ÙŠÙ† ÙŠ Ø¹Ù…ÙŠ ğŸ˜³
Ø¶ÙŠØ¹Øª ØªØ±Ø§"
Ø§Ø­Ø³Ø§Ø³  5/R,"RT @zen9631: Ø­Ø¨Ùƒ Ø¹Ø·Ø§Ù†ÙŠ Ø¯Ø±Ø³ Ù…Ø§Ù†ÙŠ Ø¨Ù€ : Ù†Ø§Ø³ÙŠÙ‡
Ø¯Ø±Ø³ Ù‡Ø¯Ù… Ø§Ø­Ù„Ø§Ù… Ø¹Ù…Ø±ÙŠ Ø¨Ù€: Ø«ÙˆØ§Ù†ÙŠ 

Ù…Ù‡Ù…Ø§ ØªØ­Ø¨ ÙˆØªØ®Ù„Øµ Ù„Ù€ Ø´Ø®Øµ ØªØºÙ„ÙŠÙ‡
ØªÙ„Ù‚Ù‰ Ø§Ù„Ù†Ù‡Ø§ÙŠÙ‡ ÙŠØ§Ø®Ø°Ù‡ Ø´Ø®Øµ Ø«Ø§Ù†ÙŠ ğŸ’”"
Ya R Poto âœ‹,RT @CelinaxMarbella: I ma di ta d zanotti mai ta lforfai 2e free mdr c dnk sa du respect mtnan aussi ? jpense ke jv racrocher c trp pr moi â€¦
ilze,esses anuncios do spotify me estressam
_SheRightCuteeâ€¼ï¸,Don't Show Off When You Get Round A Crowd Of Ppl Then Call My Phone For This &amp; That âœŒï¸
ÙØ­Ù„ Ø§Ù„Ù…Ù…Ø­ÙˆÙ†Ø§Øª,"RT @matrix_porn: #ÙÙ„Ù…_Ø³ÙƒØ³ 
Ø®Ù„ÙŠØ¬ÙŠ Ø§Ù„Ù„Ø¨ÙˆÙ‡ Ù…Ù†Ù‰ ÙˆØ²ÙˆØ¬Ù‡Ø§

http://t.co/Wad6y9oPmR

ØªÙØ¶ÙŠÙ„ Ø¨Ø¯ÙˆÙ† Ø±ØªÙˆÙŠØª Ø­Ø¸Ø±

#Ø±ÙŠØªÙˆÙŠØª_Ø³ÙƒØ³  #Ù‚Ù†ÙˆØ§Øª_Ø³ÙƒØ³
#Ø­ØµØ±ÙŠØ§Øª_matrix_poâ€¦"
ã‹ãª,"RT @xyqepuxoqyb: ã€å­¦æ ¡ãƒ»ä¼šç¤¾é–²è¦§æ³¨æ„ã€‘å¦¹ã«è‡ªæ…°è¡Œç‚ºã‚’æ‰‹ä¼ã£ã¦ã‚‚ã‚‰ã†ã‚¨ãƒƒãƒ­ã„æ¼«ç”»ãŒãã†ã—ã“ï½—ï½—ï½—ï½—

å¦¹ãŒæ¬²ã—ã„ã¨æŒã£ã¦ãŸã‘ã©ã€ã“ã‚Œã“ãç©¶æ¥µï¼ï¼
ã¾ã•ã«å…„å¦¹æ„›â™¡

ç„¡æ–™ãƒãƒ³ã‚¬ãƒªãƒ³ã‚¯è²¼ã£ã¨ãâ†’ http://t.co/JQ0q1jbLQU http://t.co/â€¦"
Davi Campos,@lucas_lira cara responde manda um salve !!!!!
SpArKOfInSaNiTy,RT @shoe0nhead: #adviceforyoungfeminists if someone asks why you're a feminist &amp; your main answer is 'the wage gap';do research &amp; rethink yâ€¦
lil bitch,@LILMALOLEY IM OUTN IMNDEACTIVATING
Aime Sumolang,"RT @mizoneid: Ujian boleh susah, tapi semangat gak boleh kalah, kan ada Mizone! http://t.co/ubz9rL5M01"
R27â¤ï¸,RT @_MaferRH: @feergrier Ya sabes que siempre contarÃ¡s conmigo chiquitoğŸ˜š te amo ğŸ’‹ğŸ’—
hailey loves h / 188,"@Harry_Styles
thank you for bringing 
so much love &amp; kindness
into this world, you're
truly amazing. please follow
me? all my love â
x36,536"
Don Henry Curtis,â€œ@TruthTellerRox: Trying a different film tonight since I've failed the past few daysâ€everytime I try this I end up watching white chicksğŸ˜“
Julieta,"RT @DanniRomeroo: @JulietaIriarte_ JAJAJAJAJA que gd coso no? no el otro gd ahr del que me contaste el audio, re jodido"
Styam Dad Dad,"Truth of Gandhi's Murder 5: January 20, 1948 Madanlal Pahwa threw bomb on Bapu during a Prarthan Sabha"
gabrielle,mas aff dois ridiculos se merecem nao podem terminar
æ± ç”°æ¬£æ™ƒ,"RT @makeb017: ç°¡å˜ãƒ•ãƒªãƒã‚¢ãƒ—ãƒªã€ãƒ¡ãƒ«ã‚«ãƒªã€‘ãŒã‚ã£ã¡ã‚ƒä¾¿åˆ©â™ª

â˜…ã“ã¡ã‚‰â‡’http://t.co/Yo4j6IphDy

ãƒ–ãƒ©ãƒ³ãƒ‰å“ã‚‚æ ¼å®‰ã§ã‚·ãƒ§ãƒƒãƒ”ãƒ³ã‚°ã§ãã‚‹ã‚ˆâ™ª
. http://t.co/6zUYx2FU8X"
La Patilla,JosÃ© Guerra: Estamos ante una macrodevaluaciÃ³n http://t.co/GB0IWXqYSq
nasser,Ø§Ù„Ù„Ù‡Ù… Ø¥Ù†ÙŠ Ø£Ø¹ÙˆØ° Ø¨Ùƒ Ù…Ù† Ø§Ø¨Ø®Ù„ ÙˆØ£Ø¹ÙˆØ° Ø¨Ùƒ Ù…Ù† Ø§Ù„Ø¬Ø¨Ù† ÙˆØ£Ø¹ÙˆØ° Ø¨Ùƒ Ù…Ù† Ø£Ù† Ø£Ø±Ø¯ Ø¥Ù„Ù‰ Ø£Ø±Ø°Ù„ Ø§Ù„Ø¹Ù…Ø±   http://t.co/yQs5t6mTAb
neilerys m marcano t,Quiero arepa
sara,RT @Bad1177: @AzzamAlDakhil Ø±Ø¨Ø·Ùˆ Ø§Ù„ØªÙˆØ¸ÙŠÙ Ø¨Ù‚ÙŠØ§Ø³ ÙˆØ§Ø¬ØªØ²Ù†Ø§ Ù‚ÙŠØ§Ø³ ÙˆÙÙŠ Ø§Ù„Ù†Ù‡Ø§ÙŠØ© Ù„Ù… ÙŠÙˆÙÙˆ Ø¨ÙˆØ¹Ø¯Ù‡Ù… Ù†ØªÙ…Ù†Ù‰ Ù…Ù† Ø³Ø¹Ø§Ø¯ØªÙƒÙ… Ø§Ù„Ù†Ø¸Ø± ÙÙŠ ÙˆØ¶Ø¹Ù†Ø§ Ø§Ù„Ø­Ø§Ù„ÙŠ Ø¬Ø²Ø§ÙƒÙ… Ø§Ù„Ù„Ù‡ Ø¹Ù†â€¦
$WEET Pâˆ†PO,"Mood: \"Verga causa ando atacao.\""
26810stwc,Weather Update. http://t.co/BMIGTRJoX9 19:19:18
Ecem Ã–zÃ§elik,"ben bu etiketle kurtlarimi dokerim
 #BiDÃ¼nyaYalanDolan"
KingAries,RT @BLUNTIQ: Kendrick Lamar's Debuted Song On The Colbert Report Was Created the Day Before http://t.co/lI2UldXdCL
BabyBlanketsAndETC,RT @VintageArtistry: https://t.co/PMPdV7JWJX http://t.co/ZCQyRo84Z5
ç‹¼å£«é¾,@y10_114514 ã‚ˆã†å”æ¾¤è²´æ´‹ @thankyou765ã€è‰¯ãçœ ã‚ŒãŸã‹ï¼Ÿ
QUAVO,Driving all over Texas tryna get her v day gifts in order
Åukasz WÃ³jcik,"I wondered if Polish music in This War of Mine was a coincidence. 

Well, nope. 11 bit studios is from Poland. http://t.co/o5KiMJgdgD"
Fleet Leve,ã€æ¥½å¤©å¸‚å ´ã€‘åç´å®¶å…·&gt;å’Œã‚¿ãƒ³ã‚¹ ã®ãƒ©ãƒ³ã‚­ãƒ³ã‚°ï¼2ä½  ã€æ¡ãŸã‚“ã™ ã€ã”è³¼å…¥ã§P5å€ï¼†ã‚¨ãƒ³ãƒˆãƒªãƒ¼ã§Pæœ€å¤§20å€ã€‘ç·æ¡ ç€ç‰©ã‚¿ãƒ³ã‚¹ ç·æ¡ç®ªç¬¥ æµ…æ·±8æ®µ å®‡ä½œã‚Šã¨ã®ã“ä»•ä¸Šã’ã€€è‚¥å‰æ¡æ°‘ã€ã‚’è¦‹ã‚‹ [æ¥½å¤©] http://t.co/ZEYDtD4Qs5
ì¸ìƒ ì™€ì¥ì°½ M,@hsyom1118 8ã…8 ì˜¤ë˜ì˜¤ë˜!...ì €ë„ ê³ ë“±í•™êµ ì˜¬ë¼ê°ˆë•Œ ê·¸ëŸ° ìƒê° ë§ì´ í–ˆìŠµë‹ˆë‹¤
Milagros Mendoza,"RT @sellermi: \"@GenPenaloza: SMARTMATIC reapareciÃ³ prohibiendo la marcha Es hora d mostrarle q el no es el dueÃ±o de Caracas. Sabemos quien â€¦"
Ã‘oÃµÅˆhÙÎ ÙŒ,"RT @Mjboura: #Ù„Ùˆ_Ù…Ø§ÙÙŠÙ‡_Ù‚Ø§Ù†ÙˆÙ†

Ø§Ø®Ø·Ù Ø§Ù„Ø­Ø¨ ÙˆØ§Ø³ÙƒØ± Ø¹Ù„ÙŠÙŠÙ‡ ğŸƒğŸƒ"
Donald Smith,RT @GrowthHackerSEO: Why (And How) Keywords Still Matter http://t.co/3pkTwh21W4
Bruno Dutra,"RT @ffranmartins: Onze:20 Ã© muito ruim. Desculpa quem gosta mas ba, o show deles Ã© insuportÃ¡vel, da vontade de sair correndo"
Kawaii22,"http://t.co/F3qc0ATo2F @maevepanes12, @christv999, @scihumanism, @ringnews24, @bentcuba"
í˜ë¯¸ì½”ì•Œë¼/àª§àª—Õ»,@mingtta í—¤í—¤ ì‚¬ì „ ë“¤ê³  ì§§ì€ ë™í™”ì±…? ê°™ì€ ê±° ì½ìœ¼ì‹œë©´ì„œ ì¬ë¯¸ ë¶™ì´ì…”ë„.. ëª¨ëª¨ë„ ë…ì¼ ê±° ì•„ë‹ˆì—ˆë‚˜ìš”?
..,"â€œ@DailySexSupply: That \"I've missed you,\" sex. http://t.co/6GH1GK9Yqyâ€ @__AlexisMaureen DONE!"
Ø§Ø³Ø§Ù…Ù‡ Ø§Ù„Ø¨ÙƒÙŠØ±ÙŠ,RT @wwaa_sl: Ù„Ø§ Ø¥Ù„Ù‡ Ø¥Ù„Ø§ Ø§Ù„Ù„Ù‡ ÙˆØ­Ø¯Ù‡ Ù„Ø§ Ø´Ø±ÙŠÙƒ Ù„Ù‡ Ù„Ù‡ Ø§Ù„Ù…Ù„Ùƒ ÙˆÙ„Ù‡ Ø§Ù„Ø­Ù…Ø¯ ÙŠÙØ­ÙŠÙŠ ÙˆÙŠÙÙ…ÙŠØª ÙˆÙ‡Ùˆ Ø­ÙŠ Ù„Ø§ ÙŠÙ…ÙˆØª Ø¨ÙŠØ¯Ù‡ Ø§Ù„Ø®ÙŠØ± ÙˆÙ‡Ùˆ Ø¹Ù„Ù‰ ÙƒÙ„ Ø´Ø¦ Ù‚Ø¯ÙŠØ± http://t.co/g5ClFâ€¦
æ¡åŸ,@araminoh @magussoul_F ãŠã‰ã‰ã‰ãŠã¯ã‚ˆã†ã”ã–ã„ã¾ã™ã„ã¤ã‚‚ã‚ã‚ŠãŒã¨ã†ã”ã–ã„ã¾ã™(*Â´Ğ”ï½€*)å…¨ãã‚‚ã£ã¦å‹•ã„ã¦ãªã„ã®ã«ã“ã®åœ§å€’çš„å­˜åœ¨æ„Ÿã¯æ–°ç”°ã•ã‚“ã®ã‚¤ãƒ©ã‚¹ãƒˆã®ãŠã‹ã’ã§ã™ãƒ¾(*Â´â–½ï½€*)ï¾‰
ç›¸äº’ãƒ•ã‚©ãƒ­ãƒ¼æ”¯æ´ï¼ ãƒ„ã‚¤åŠ©è‡ªå‹•ãƒ•ã‚©ãƒ­ãƒ¼è¿”ã—,"ãµã‰ã‚ã—ã¦ãƒ•ã‚©ãƒ­ãƒ¯ãƒ¼ã‚’å¢—ã‚„ã™â™ª
ã¿ã‚“ãªã®ç›¸äº’ãƒ•ã‚©ãƒ­ãƒ¼æ”¯æ´ï¼
#RTæ‹¡æ•£å¸Œæœ›ã€€ãµã‰ã‚ã°è‡ªå‹•100ï¼
ã„ã¤ã‚‚ã®ã‚ˆã†ã«ã€€è¿”ã—ã¾ã™ã€‚
ãƒŸãƒ¥ãƒ¼ã‚¸ãƒƒã‚¯ã‚¹ãƒ†ãƒ¼ã‚·ãƒ§ãƒ³"
è‹±èªã—ã‚ƒã¹ã‚Šã¾ã‚†bot,ä¿ºãŒåˆã‚ãªã„ãªã¨ã‹ã€å«Œã„ã ãªã£ã¦æ€ã£ãŸã‚‰â€¦ã•ã¿ã—ã„ã‘ã©ãƒ–ãƒ­ãƒƒã‚¯ã—ã¦ãã‚Œã€‚
Kene,Hablan de calidad y en verdad tu no la tienes
Jerry Jarzabek,RT @RotaryCleveland: Our Thurs Feb 12 luncheon is all about @hingetown! Noon - 1:30pm at Windows on the River Hope you will attend! http://â€¦
ERREâ™¡,MaÃ±ana pasare todo el dÃ­a durmiendo.
â™¡ã‚­ã‚¹ãƒ²ã‚¿ã®æ°—æŒã¡â™¡,"RT @chootoku_app: æœªã ã«LINEã‚¹ã‚¿ãƒ³ãƒ—è²·ã£ã¦ã‚‹ã®ï¼Ÿ

LINEã‚³ã‚¤ãƒ³ã«ã„ã£ã±ã„äº¤æ›ã§ããŸã‚ˆw

iOSâ†’http://t.co/fdQqDaQ1GF

Andâ†’http://t.co/iBtGQL8sZG

1æ™‚é–“ã§2000å††ãã‚‰ã„æºœã¾ã£ã¡ã‚ƒã£ãŸï½— httpâ€¦"
rolling girl,novo status: pessoas que visitaram meu perfil http://t.co/eolWZGOWGk
amanda / aaron's tl,"RT @absoluteaaron: EVERYBODY GO WATCH AARONS NEW YOUTUBE VIDEO!
â˜€ï¸
@AaronCarpenter 
â˜€ï¸
#AaronWouldYouRather 
â˜€ï¸
#AaronsNewVideo 
â˜€ï¸
http://â€¦"
Jasmine Tuizer,@yuvalcohenb @bestvinetwerkz @ThriIIuminati omgğŸ˜‚ğŸ˜‚ğŸ˜‚
Payton Adams,RT @itzclaudy: So sick of being sick.
Franklin,RT @TulioSalvatierr: Estamos recuperando todas nuestras plazas y espacios pÃºblicos para el disfrute de habitantes y visitantes http://t.co/â€¦
ãƒ¢ãƒ³ã‚¹ãƒˆã‚¬ãƒæ€§@,@disgaia08181 ã„ã„ã§ã™ã‘ã©ã€‚ãƒœãƒƒã‚¯ã‚¹ã¯ã¿ã›ã¦ãã ã¯ã„
Samara,Why me &amp; clarissa so funny ğŸ˜‚ğŸ˜‚ğŸ˜‚
yeol,Dafuq
ØµØ¯Ù‚Ø© Ù„ØªØ§Ø¬ Ø±Ø§Ø³ÙŠ Ø£Ø¨ÙŠ,(Ø£ÙˆÙ„Ø¦Ùƒ Ù‡Ù… Ø§Ù„Ù…Ø¤Ù…Ù†ÙˆÙ† Ø­Ù‚Ø§ Ù„Ù‡Ù… Ø¯Ø±Ø¬Ø§Øª Ø¹Ù†Ø¯ Ø±Ø¨Ù‡Ù… ÙˆÙ…ØºÙØ±Ø© ÙˆØ±Ø²Ù‚ ÙƒØ±ÙŠÙ…) [Ø§Ù„Ø£Ù†ÙØ§Ù„:4] http://t.co/RnwcjQJycS
ã‚Šã‚‡ã†,ä¼šå ´å¤šåˆ†ç€æ›¿ãˆã‚‹å ´æ‰€ãªã„ã§ãƒ¼
MuViMoTV,New Video: 2016 Ford Police Interceptor Utility TDM Upfitter Preview http://t.co/NpqEAqURiI
nishok,Neeed to actually use my head today. This is gonna hurt. Let's go!
CinquentaTonsDeCinza,"@Vanessa_pona, o Sr. Grey aguarda vocÃª no cinema. Confira as sessÃµes de #CinquentaTonsFilme http://t.co/aphisKeL1I http://t.co/l7AOClkRBF"
Ø¬Ù„ÙŠØ³ 507 Ø§Ù„Ù‚Ù…Ø±,"RT @SajoLove2: ..

 Ø£Ø­Ø³Ùƒ Ù…Ø§ØªØ®Ø·ÙŠ ÙˆÙ…Ø§Ù„Ùƒ Ø°Ù†ÙˆØ¨
       ÙˆØ£Ø­Ø³ ØµØ¯Ø±Ùƒ Ù…Ø«Ù„ ØµØ¯Ø± Ø§Ù„ÙØ¶Ø§
ÙŠØ§ Ø§Ù†Ùƒ Ù…ÙƒÙ…Ù„ ÙˆÙ…Ø§Ø¨Ùƒ Ø¹ÙŠÙˆØ¨ 
             ÙŠØ§Ù†ÙŠ Ø§Ø´ÙˆÙÙƒ Ø¨Ø¹ÙŠÙ† Ø§Ù„Ø±Ø¶Ø§
#Ø£Ø­Ø¨Ùƒ\""
justin,RT @JBCrewdotcom: Justin Bieber via Vine: https://t.co/qOyJBriTMw
Shannon,@LWMDoesMC @RealZiggurat little fricgit
Ø´ÙŠÙ‡Ø§Ù†Ù‡,RT @naif1984: Ù„Ù€ Ø­ÙŠØ§Ø©Ù Ø£Ø¬Ù…Ù„ ÙƒÙ† Ù‚Ù†ÙˆØ¹Ø§Ù‹ Ø¨Ù…Ø§ Ù‚Ø³Ù…Ù‡ Ø§Ù„Ù„Ù‡ Ù„Ùƒ ..
ä»Šæ³‰é³´å­bot,"ã€Œã¡ã‚‡ã£ã¨ã‚¨ã‚¨ã‹ã‚¹ã‚«ã‚·ã€
ã€Œãƒ€ãƒ¡ã ã€
ã€Œé‘æœ¨â€¦â€¦ã‚ã„ã¤ã ã„åˆ†ä¸€ç·’ã«ç·´ç¿’ã—ã¨ã‚‹ã‘ã© ãªã‚“ã‚„ãªã‹ãªã‹é¦´ã˜ã¾ã‚“ãª ã„ã¤ã‚‚ï¼‘äººã§è€ƒãˆã“ã‚“ã©ã‚‹ã€
ã€Œï¼‘å¹´ãŒï¼‘äººã ã‹ã‚‰ã ã‚ã€"
Luiz Carlos Jr.,@keldiloco @NecoHenrique @luiiscllaudio cola aÃ­ soldado kkk
26591stwc,Weather Update. http://t.co/g6plAEdodN 19:19:17
TRIE LESTARI,"Happy birthday @tiniiz @tiniiz @tiniiz ğŸ‰ğŸğŸ‚ğŸˆ
Wish the best for you . kepp young and handsome 5555â€¦ http://t.co/LGQcHYhIW8"
Jessika,"RT @TropicalPlayboy: Flathead Lake, clearest water on earth ğŸ˜ http://t.co/JbJQHv6OUA"
âˆYoutubeâˆ,RT @ComedyOrTruth: still too bright http://t.co/BwS3x2GbCN
Richard Feehan,RT @KikkiPlanet: Delayed schools. Anti-equality #Bill10. No $ to investigate child deaths. Inadequate healthcare. #PCAA doesn't care about â€¦
SpÃ­Ã§y BÃ«Ã«f,13th floor elevators are an insane band
giovanna,seu eu ja me acho baixa imagina as pessoas que sÃ£o menores que eu
â†—ï¸â†˜ï¸BillSâ†—ï¸â†˜ï¸,@FaisalYoussef I'm debating Rn ğŸ™†
MINAMI,"å¤±æ•—ã‚’äºˆæƒ³ã—ã¦å¤šã‚ã«è²·ã£ã¦ãŠã‘ã°ã‚ˆã‹ã£ãŸ('A`)
ãƒã‚¿ãƒ¼ã©ã“ã‚‚å£²ã‚Šåˆ‡ã‚Œã ã‹ã‚‰ã‚ã£ã¡ã‚ƒé«˜ã„ã‚„ã¤ã‹ã£ã¡ã‚ƒã£ãŸã‚ˆğŸ™ğŸ™"
ã¿ã‚„ãŸã‚“,ã©ã†ã‚‚ã¯ã‚‹ã¯ã‚‹ãŒ1å¹´ã£ã¦ã“ã¨ã«ã¾ã æ…£ã‚Œã¦ãªã„æ„Ÿ
K.Iwasaki,RT @nikka_jp: ãŠã¯ã‚ˆã†ï¼ä»Šæ—¥ã¯ã“ã‚Œã‹ã‚‰ãŒæ—¬ã®ã‚ã•ã‚Šã‚’ä½¿ã£ãŸã€Œã‚ã•ã‚Šã®ã‚¦ã‚¤ã‚¹ã‚­ãƒ¼è’¸ã—ã€ã‚’ç´¹ä»‹ã™ã‚‹ãã„ï¼æ—¥æœ¬é…’ã‚ˆã‚Šä»•ä¸ŠãŒã‚Šã¯ã‚ã£ã•ã‚Šã˜ã‚ƒã‚ˆã€‚ã‚ã•ã‚Šã ã‘ã«ã€ãªï¼ï¼ http://t.co/uy3WmXsdQx http://t.co/PZRWWf60nF
Ù„ÙˆÙ„Ù‡ #ZDRSEDK4,Ø±ÙØ¨ÙÙ‘ Ø§Ø´Ù’Ø±ÙØ­Ù’ Ù„ÙÙŠ ØµÙØ¯Ù’Ø±ÙÙŠ ÙˆÙÙŠÙØ³ÙÙ‘Ø±Ù’ Ù„ÙÙŠ Ø£ÙÙ…Ù’Ø±ÙÙŠ ÙˆÙØ§Ø­Ù’Ù„ÙÙ„Ù’ Ø¹ÙÙ‚Ù’Ø¯ÙØ©Ù‹ Ù…ÙÙ‘Ù† Ù„ÙÙ‘Ø³ÙØ§Ù†ÙÙŠ ÙŠÙÙÙ’Ù‚ÙÙ‡ÙÙˆØ§ Ù‚ÙÙˆÙ’Ù„ÙÙŠ - via http://t.co/4pWZu63WvO - 859
maren,"RT @shit_queen: Like mr grey, i fuck my business partners #50shadesofgrey"
Ù†ÙŠÙƒÙ†ÙŠ ÙÙ‰ Ø·ÙŠØ²Ù‰ Ø§Ù„Ø¶ÙŠÙ‚Ø©,"RT @saleb_jeddah121: \"ÙƒØ³ Ù…Ø±ØªÙŠ Ø¬Ù…ÙŠÙ„ Ø¬Ø¯Ø§
http://t.co/h52AfVNgJB 
http://t.co/BgiZm56ntT 

http://t.co/h52AfVNgJB 

http://t.co/BgiZm56ntT 
#Ø³â€¦"
RED UTS PARAGUAY,"Nuevos precios para al CUARTETO DE NOS el prÃ³ximo 4 de abril
Se mantienen por tiempo limitado! Apurate!
@rockenpy http://t.co/NOY0xq9y02"
æé‡Œ,"RT @OLDCODEX_NEWS: OLDCODEX \"Capture\" 2015 in Budokan
ãŠè¶Šã—ã„ãŸã ãæœ‰é›£ã†ã”ã–ã„ã¾ã—ãŸï¼
æ—¥æœ¬æ­¦é“é¤¨å†…ã€æœ€é«˜ã®ç©ºé–“ã«ãªã£ã¦ã„ã¾ã—ãŸã€‚ä»Šå¾Œã®OLDCODEXã‚’ãŠæ¥½ã—ã¿ã«ï¼ http://t.co/ljYZQxGjF2"
ç¾å’²æ¡œ@æœ±è‰ã®å«,"RT @cipynapekemi: ã‚®ã‚¬ãƒ¤ãƒï½—ï½—ï½—
ãŠã¾ã„ã‚‰è¡—ã‚³ãƒ³ãªã‚“ã¦ã„ã£ã¦ã‚‹å ´åˆã˜ã‚ƒãªã„ãï½—ï½—

ãƒ†ãƒ©å¯æ„›ã„å­ã¨å‡ºä¼šãˆã‚‹ç¥ã‚¢ãƒ—ãƒªç™ºè¦‹ï¼

â†’http://t.co/A6dyzToK0B

ãŠã‹ã’ã§è²§ä¹å­¦ç”Ÿã®ä¿ºã«ã‚‚å¯æ„›ã„å½¼å¥³ãŒã§ããŸï½—ï½—ï½— http://t.co/tCSA7tâ€¦"
liv liver,i'll probably make it halfway in twitcrew dangan ronpa
thats0natt,@PinkyPottorff @RickyPDillon SAME
Ù‡ÙƒØ±,"{Ù‡Ùˆ Ø§Ù„Ø°ÙŠ Ø®Ù„Ù‚ÙƒÙ… ÙÙ…Ù†ÙƒÙ… ÙƒØ§ÙØ± ÙˆÙ…Ù†ÙƒÙ… Ù…Ø¤Ù…Ù† ÙˆØ§Ù„Ù„Ù‡ Ø¨Ù…Ø§ ØªØ¹Ù…Ù„ÙˆÙ† Ø¨ØµÙŠØ±} [Ø§Ù„ØªØºØ§Ø¨Ù†:2]
http://t.co/x1WhmBdboy"
ç™½æ¾ç¶²ã¤ãã‚‹ã€‚,ãƒãƒ•ãƒ©ãƒ¼å¿˜ã‚ŒãŸâ™¡
